year,male,earnings,female
2012,0,16.34615326,1
2012,1,16.10577011,0
2012,1,3.525640965,0
2012,0,17.30769157,1
2012,0,14.42307663,1
2012,0,7.5,1
2012,0,10.98901081,1
2012,0,14.90384579,1
2012,1,21.73077011,0
2012,0,19.23077011,1
2012,0,14.42307663,1
2012,0,17.30769157,1
2012,0,21.63461494,1
2012,0,14.14326954,1
2012,1,15.38461494,0
2012,0,13.75,1
2012,1,16.34615326,0
2012,0,41.13247681,1
2012,0,38.46154022,1
2012,1,21.63461494,0
2012,1,10.81730747,0
2012,0,5.78231287,1
2012,1,19.95192337,0
2012,1,23.17290497,0
2012,0,17.30769157,1
2012,0,15.38461494,1
2012,1,28.84615326,0
2012,1,17.30769157,0
2012,1,36.05769348,0
2012,0,21.15384674,1
2012,0,15.49145317,1
2012,0,17.30769157,1
2012,1,17.83216858,0
2012,0,15.38461494,1
2012,0,25.24038506,1
2012,1,25.48077011,0
2012,1,15.86538506,0
2012,0,16.23931694,1
2012,0,21.36752129,1
2012,0,19.23077011,1
2012,1,46.15384674,0
2012,1,13.67521381,0
2012,1,34.61538315,0
2012,0,23.07692337,1
2012,1,14.42307663,0
2012,0,31.25,1
2012,1,23.23999977,0
2012,1,43.26922989,0
2012,0,38.46154022,1
2012,1,14.42307663,0
2012,1,24.03846169,0
2012,0,20.19230843,1
2012,0,17.78846169,1
2012,0,32.05128098,1
2012,0,17.88461494,1
2012,0,12.63736248,1
2012,0,18.3150177,1
2012,1,19.23077011,0
2012,0,15.38461494,1
2012,1,13.46153831,0
2012,1,22.98850632,0
2012,1,34.61538315,0
2012,1,32.05128098,0
2012,0,13.46153831,1
2012,1,27.47252655,0
2012,1,33.65384674,0
2012,0,9.615385056,1
2012,1,21.15384674,0
2012,0,24.03846169,1
2012,0,26.44230843,1
2012,0,16.92307663,1
2012,1,51.92307663,0
2012,0,28.36538506,1
2012,1,44.37869644,0
2012,1,25,0
2012,0,16.82692337,1
2012,1,18.26922989,0
2012,1,22.59615326,0
2012,1,16.34615326,0
2012,1,25.65897369,0
2012,0,12.01923084,1
2012,0,14.67611313,1
2012,0,16.82692337,1
2012,1,33.65384674,0
2012,0,28.84615326,1
2012,1,34.61615372,0
2012,1,15.38461494,0
2012,0,21.63461494,1
2012,1,33.65384674,0
2012,1,15.38461494,0
2012,0,16.66666603,1
2012,1,35.7843132,0
2012,0,13.49065971,1
2012,1,38.03418732,0
2012,1,44.92307663,0
2012,0,16.15384674,1
2012,1,26.15384674,0
2012,0,17.30769157,1
2012,1,17.78846169,0
2012,1,64.90384674,0
2012,0,19.71153831,1
2012,0,26.44230843,1
2012,0,30.76922989,1
2012,1,14.42307663,0
2012,1,14.42307663,0
2012,1,14.42307663,0
2012,0,14.68531513,1
2012,0,9.134614944,1
2012,1,26.22377586,0
2012,0,22.43589783,1
2012,1,48.07692337,0
2012,1,21.15384674,0
2012,0,11.53846169,1
2012,1,12.5,0
2012,1,35.09615326,0
2012,1,31.25,0
2012,1,40.76922989,0
2012,1,43.26922989,0
2012,1,41.56105804,0
2012,0,12.8776226,1
2012,1,15.38461494,0
2012,1,22.59615326,0
2012,0,13.05000019,1
2012,0,12.01923084,1
2012,1,17.1875,0
2012,0,12.5,1
2012,1,15.38461494,0
2012,1,55.76922989,0
2012,1,18.00699234,0
2012,0,14.52991486,1
2012,1,29.71153831,0
2012,0,31.25,1
2012,1,32,0
2012,1,14.42307663,0
2012,1,11.53846169,0
2012,0,14.42307663,1
2012,1,13.48039246,0
2012,0,15.38461494,1
2012,0,22.5,1
2012,1,9.134614944,0
2012,0,18.75,1
2012,0,16.82692337,1
2012,0,12.01923084,1
2012,1,27.77777863,0
2012,0,15.625,1
2012,0,16.34615326,1
2012,0,3.885392427,1
2012,0,13.07692337,1
2012,1,19.23077011,0
2012,1,36.6300354,0
2012,0,9.615385056,1
2012,1,12.5,0
2012,1,10.41666698,0
2012,0,28.84615326,1
2012,0,21.63461494,1
2012,1,15.38461494,0
2012,1,20.0854702,0
2012,0,18.19126892,1
2012,1,44.87179565,0
2012,0,40.86538315,1
2012,1,12.5,0
2012,1,47.11538315,0
2012,0,16.23931694,1
2012,1,72.11538696,0
2012,1,10.35503006,0
2012,0,9.615385056,1
2012,0,12.27087879,1
2012,0,52.88461685,1
2012,1,26.70940208,0
2012,0,20.87912178,1
2012,1,28.36538506,0
2012,1,12.5,0
2012,1,11.1888113,0
2012,1,24.4755249,0
2012,0,19.23077011,1
2012,1,12.25961494,0
2012,0,14.50961494,1
2012,1,16.82692337,0
2012,0,27.47252655,1
2012,0,36.05769348,1
2012,0,22.95918274,1
2012,0,24.03846169,1
2012,0,29.39903831,1
2012,0,8.974358559,1
2012,1,12.11538506,0
2012,0,12.46153831,1
2012,0,36.05769348,1
2012,0,17.30769157,1
2012,1,16.34567261,0
2012,1,23.80952454,0
2012,0,9.615385056,1
2012,1,26.92307663,0
2012,0,40.86538315,1
2012,1,18.26922989,0
2012,1,14.42307663,0
2012,0,41.66666794,1
2012,0,26.15384674,1
2012,1,24.03846169,0
2012,0,36.98225021,1
2012,0,48.07692337,1
2012,1,26.44230843,0
2012,1,29.80769157,0
2012,0,16.82692337,1
2012,0,24.03846169,1
2012,1,24.03846169,0
2012,0,11.09467411,1
2012,1,21.36752129,0
2012,1,18.26922989,0
2012,0,16.66666603,1
2012,1,18.26922989,0
2012,1,22.59615326,0
2012,0,24.03846169,1
2012,1,24.03846169,0
2012,1,31.25,0
2012,1,45.19230652,0
2012,1,26.44230843,0
2012,0,28.84615326,1
2012,0,25,1
2012,0,12.5,1
2012,1,32.69230652,0
2012,1,10.81730747,0
2012,1,26.33136177,0
2012,0,28.84615326,1
2012,0,27.74725342,1
2012,0,32.69230652,1
2012,0,18.26922989,1
2012,0,33.65384674,1
2012,0,21.97802162,1
2012,0,26.06837654,1
2012,0,14.42307663,1
2012,1,33.65384674,0
2012,0,16.64201164,1
2012,1,22.59615326,0
2012,0,11.05769253,1
2012,1,23.84653854,0
2012,1,20,0
2012,0,28.84615326,1
2012,0,12.94378662,1
2012,0,32.05128098,1
2012,0,56.25,1
2012,1,25,0
2012,0,21.875,1
2012,1,19.23077011,0
2012,0,12.01923084,1
2012,1,16.82692337,0
2012,1,35.09615326,0
2012,1,28.84615326,0
2012,0,10.57692337,1
2012,0,16.48351669,1
2012,1,19.76495743,0
2012,1,35.57692337,0
2012,1,35.57692337,0
2012,0,12.01923084,1
2012,0,20.25462914,1
2012,1,17.09401703,0
2012,1,31.25,0
2012,0,26.09890175,1
2012,1,38.46154022,0
2012,0,19.23077011,1
2012,1,24.03846169,0
2012,0,25.96153831,1
2012,0,14.17004013,1
2012,1,21.23397446,0
2012,0,20.12611771,1
2012,0,11.09541416,1
2012,1,26.92307663,0
2012,1,16.82692337,0
2012,0,14.42307663,1
2012,0,31.25,1
2012,0,16.82692337,1
2012,0,26.44230843,1
2012,0,18,1
2012,1,16.60839081,0
2012,0,19.61615372,1
2012,0,18.75,1
2012,1,19.23077011,0
2012,1,28.84615326,0
2012,1,9.615385056,0
2012,1,13.7435894,0
2012,1,27.77777863,0
2012,1,16.53846169,0
2012,0,14.42307663,1
2012,0,12.08791256,1
2012,0,21.63461494,1
2012,1,15.28599644,0
2012,1,67.30769348,0
2012,1,6.538461685,0
2012,1,23.55769157,0
2012,0,13.46153831,1
2012,1,15.38461494,0
2012,1,33.65384674,0
2012,0,31.42589188,1
2012,0,19.23077011,1
2012,1,9.134614944,0
2012,1,15.73426533,0
2012,0,11.05769253,1
2012,1,37.95546722,0
2012,0,17.62820435,1
2012,0,25,1
2012,1,38.46154022,0
2012,1,41.88034058,0
2012,0,38.26530457,1
2012,1,10.41666698,0
2012,0,12.01923084,1
2012,0,16.92307663,1
2012,0,31.25,1
2012,0,61.53845978,1
2012,0,29.39903831,1
2012,1,13.19999981,0
2012,1,50,0
2012,1,18.26922989,0
2012,1,45.45454407,0
2012,0,18.53146935,1
2012,1,42.73504257,0
2012,1,44.87179565,0
2012,1,28.84615326,0
2012,0,7.692307472,1
2012,0,23.19079018,1
2012,0,37.5,1
2012,1,43.75,0
2012,1,13.04500008,0
2012,1,28.84615326,0
2012,1,36.5,0
2012,1,62.5,0
2012,1,25.64102554,0
2012,1,21.92307663,0
2012,1,31.25,0
2012,1,2.884615421,0
2012,1,20.91715622,0
2012,1,19.23077011,0
2012,1,36.05769348,0
2012,0,14.42307663,1
2012,1,42.30769348,0
2012,1,24.78632545,0
2012,0,24.78632545,1
2012,0,36.53845978,1
2012,1,29.67033005,0
2012,1,7.692307472,0
2012,1,24.03846169,0
2012,0,31.25,1
2012,1,32.05128098,0
2012,1,14.42307663,0
2012,1,14.42307663,0
2012,0,22.59615326,1
2012,1,38.46154022,0
2012,1,13.94230747,0
2012,1,29.80769157,0
2012,1,22.22222137,0
2012,0,28.02197838,1
2012,1,36.6300354,0
2012,0,32.21154022,1
2012,0,23.65384674,1
2012,0,16.34615326,1
2012,0,19.71153831,1
2012,1,24.572649,0
2012,0,27.36686325,1
2012,0,28.29670334,1
2012,0,55.20833206,1
2012,1,28.84615326,0
2012,0,34.61538315,1
2012,0,15.43522263,1
2012,1,16.34615326,0
2012,0,12.5,1
2012,1,22.69230843,0
2012,1,48.07692337,0
2012,1,39.2857132,0
2012,0,27.88461494,1
2012,0,9.8039217,1
2012,1,33.65384674,0
2012,0,20.42414474,1
2012,0,9.615385056,1
2012,0,27.55555534,1
2012,1,24.03846169,0
2012,1,43.26922989,0
2012,1,31.25,0
2012,0,33.65384674,1
2012,0,29.89999962,1
2012,0,43.26922989,1
2012,0,35.25640869,1
2012,1,22.59615326,0
2012,1,31.25,0
2012,0,9.134614944,1
2012,1,38.46154022,0
2012,1,24.03846169,0
2012,1,26.44230843,0
2012,1,10.81730747,0
2012,1,55.28845978,0
2012,0,33.65384674,1
2012,0,2.403846264,1
2012,0,33.65384674,1
2012,1,48.07692337,0
2012,0,48.07692337,1
2012,1,8.741258621,0
2012,1,27.2435894,0
2012,0,16.82692337,1
2012,1,10.27027035,0
2012,1,33.65384674,0
2012,1,19.23077011,0
2012,1,43.26922989,0
2012,1,24.88888931,0
2012,1,14.42307663,0
2012,1,24.03846169,0
2012,0,21.63461494,1
2012,0,19.23077011,1
2012,1,20.0854702,0
2012,1,33.28402328,0
2012,0,12.82051277,1
2012,1,25.96153831,0
2012,1,62.5,0
2012,1,28.84615326,0
2012,1,17.11111069,0
2012,0,36.05769348,1
2012,1,34.61538315,0
2012,1,10.68376064,0
2012,1,26.92307663,0
2012,0,21.63461494,1
2012,0,26.44230843,1
2012,1,20.39999962,0
2012,1,24.03942299,0
2012,1,51.44230652,0
2012,0,21.63461494,1
2012,0,14.42307663,1
2012,1,27.47252655,0
2012,1,38.46154022,0
2012,0,18.19126892,1
2012,0,43.26922989,1
2012,1,26.92307663,0
2012,0,5.769230843,1
2012,0,20.67307663,1
2012,0,18.34319496,1
2012,1,25.64102554,0
2012,1,36.71328735,0
2012,0,40.38461685,1
2012,1,26.92307663,0
2012,1,26.92307663,0
2012,0,10.57692337,1
2012,1,9.615385056,0
2012,0,13.46153831,1
2012,0,9.615385056,1
2012,0,12.01923084,1
2012,1,26.15384674,0
2012,1,15.73426533,0
2012,0,12.01923084,1
2012,0,15.54828167,1
2012,1,28.84615326,0
2012,0,31.25,1
2012,1,26.44230843,0
2012,1,26.44230843,0
2012,0,11.53846169,1
2012,0,35.38461685,1
2012,0,23.07692337,1
2012,1,44.87179565,0
2012,1,21.63461494,0
2012,1,52.88461685,0
2012,1,20.60439491,0
2012,0,32.05128098,1
2012,1,20.60439491,0
2012,1,15.38461494,0
2012,1,24.03846169,0
2012,0,24.72527504,1
2012,0,21.63461494,1
2012,1,11.18951035,0
2012,1,28.84615326,0
2012,0,5.769230843,1
2012,1,16.82692337,0
2012,0,24.03846169,1
2012,0,28.84615326,1
2012,1,24.2857151,0
2012,1,63.94230652,0
2012,0,21.63461494,1
2012,1,19.23077011,0
2012,0,50.48077011,1
2012,0,29.12087822,1
2012,0,28.84615326,1
2012,1,19.23077011,0
2012,1,18.26922989,0
2012,0,19.23077011,1
2012,1,21.63557625,0
2012,0,44.87179565,1
2012,0,43.26922989,1
2012,1,12.5,0
2012,1,19.23077011,0
2012,0,12.94378662,1
2012,0,21.63461494,1
2012,1,18.55769157,0
2012,1,35.75,0
2012,0,36.05769348,1
2012,0,12.40384579,1
2012,1,12.5,0
2012,0,18.75,1
2012,1,34.61538315,0
2012,1,11.25,0
2012,0,53.84615326,1
2012,0,23.07692337,1
2012,1,38.46154022,0
2012,1,24.03846169,0
2012,1,40.86538315,0
2012,0,48.07692337,1
2012,1,20.19230843,0
2012,0,14.42307663,1
2012,0,19.23077011,1
2012,1,8.241758347,0
2012,0,38.46154022,1
2012,1,48.07692337,0
2012,0,23.55769157,1
2012,1,19.23077011,0
2012,0,38.46154022,1
2012,1,31.25,0
2012,1,20,0
2012,1,22,0
2012,1,28.84615326,0
2012,0,18.02884674,1
2012,0,26.92307663,1
2012,1,57.69230652,0
2012,1,19.23077011,0
2012,0,28.84615326,1
2012,0,14.90384579,1
2012,1,21.15384674,0
2012,0,14.42307663,1
2012,1,30,0
2012,1,13.73626328,0
2012,1,21.15384674,0
2012,1,31.25,0
2012,1,14.42307663,0
2012,0,21.36752129,1
2012,0,11.77403831,1
2012,0,26.44230843,1
2012,0,13.75,1
2012,0,24.03846169,1
2012,0,10.91476059,1
2012,0,6.730769157,1
2012,1,11.12980747,0
2012,0,29.39903831,1
2012,1,28.84615326,0
2012,0,14.42307663,1
2012,1,39.42307663,0
2012,0,34.8837204,1
2012,1,28.84711456,0
2012,1,43.26922989,0
2012,1,48.07692337,0
2012,1,17.03296661,0
2012,1,23.50427437,0
2012,0,19.71153831,1
2012,0,24.03846169,1
2012,1,38.46154022,0
2012,1,14.42307663,0
2012,1,48.07692337,0
2012,0,16.82692337,1
2012,1,16.34615326,0
2012,1,40.38461685,0
2012,1,22.59615326,0
2012,1,26.82692337,0
2012,1,31.25,0
2012,0,26.44230843,1
2012,0,9.615385056,1
2012,0,24.03846169,1
2012,1,24.03846169,0
2012,0,28.84615326,1
2012,1,31.59340668,0
2012,1,14.42307663,0
2012,0,19.23077011,1
2012,0,24.03846169,1
2012,0,14.42307663,1
2012,0,14.28571415,1
2012,1,40.38461685,0
2012,0,36.05769348,1
2012,0,21.36752129,1
2012,0,21.63461494,1
2012,1,34.61538315,0
2012,1,24.03846169,0
2012,1,38.46154022,0
2012,0,42.73504257,1
2012,0,16.48351669,1
2012,0,24.03846169,1
2012,0,67.30769348,1
2012,0,33.65384674,1
2012,1,24.03846169,0
2012,0,25.96153831,1
2012,1,14.61538506,0
2012,0,22.59615326,1
2012,0,14.42307663,1
2012,0,24.78632545,1
2012,1,25.04472351,0
2012,0,8.626373291,1
2012,0,50.48077011,1
2012,1,12.82051277,0
2012,1,17.78846169,0
2012,0,18.99038506,1
2012,0,19.93007088,1
2012,0,10.98901081,1
2012,0,14.42307663,1
2012,0,48.07692337,1
2012,0,46.15384674,1
2012,0,24.03846169,1
2012,1,19.23077011,0
2012,1,31.25,0
2012,0,19.23077011,1
2012,0,23,1
2012,1,27.69230843,0
2012,0,11.53846169,1
2012,1,33.65384674,0
2012,1,31.25,0
2012,0,18.26922989,1
2012,1,43.75,0
2012,0,40.04807663,1
2012,1,34.61538315,0
2012,0,10.98901081,1
2012,1,17.30769157,0
2012,0,37.66025543,1
2012,0,28.84615326,1
2012,1,15.38461494,0
2012,1,25.48077011,0
2012,0,24.03846169,1
2012,0,16.48351669,1
2012,0,11.1336031,1
2012,1,17.78846169,0
2012,0,19.23077011,1
2012,0,15.86538506,1
2012,1,17.94871712,0
2012,0,15.86538506,1
2012,0,10.09615421,1
2012,1,9.375,0
2012,0,29.80769157,1
2012,1,11.05769253,0
2012,1,11.96581173,0
2012,1,18.02884674,0
2012,0,9.340659142,1
2012,0,24.03846169,1
2012,1,9.615385056,0
2012,0,16.34615326,1
2012,0,9.615385056,1
2012,1,12.82051277,0
2012,0,36.05769348,1
2012,0,14.10256386,1
2012,1,16.34615326,0
2012,1,9.615385056,0
2012,1,14.90384579,0
2012,0,19.23077011,1
2012,0,9.134614944,1
2012,1,21.63461494,0
2012,1,14.42307663,0
2012,0,25.64102554,1
2012,1,16.82692337,0
2012,0,20.19230843,1
2012,1,15.16272163,0
2012,0,24.03846169,1
2012,1,20.0854702,0
2012,0,7.142857075,1
2012,0,14.42307663,1
2012,1,40.86538315,0
2012,1,9.134614944,0
2012,1,16.34567261,0
2012,0,8.653845787,1
2012,1,12.01923084,0
2012,1,14.42307663,0
2012,0,12.01923084,1
2012,0,14.42307663,1
2012,0,11.11111069,1
2012,0,25,1
2012,1,32.69230652,0
2012,0,16.19433212,1
2012,1,37.5,0
2012,1,30.76922989,0
2012,0,22.43589783,1
2012,1,24.03846169,0
2012,1,33.65384674,0
2012,1,28.36538506,0
2012,1,27.69230843,0
2012,0,15.72115421,1
2012,0,52.88461685,1
2012,0,11.39423084,1
2012,1,45.67307663,0
2012,0,15.86538506,1
2012,1,28.86634636,0
2012,0,27.03798103,1
2012,0,12.01923084,1
2012,1,16.82692337,0
2012,1,41.34615326,0
2012,0,24.03942299,1
2012,0,21.15384674,1
2012,1,28.84615326,0
2012,1,17.09401703,0
2012,0,28.84615326,1
2012,1,26.92307663,0
2012,1,26.82692337,0
2012,1,38.46154022,0
2012,0,21.63461494,1
2012,1,20.67307663,0
2012,1,43.75,0
2012,0,40.04807663,1
2012,1,29.069767,0
2012,0,36.05769348,1
2012,1,35.25640869,0
2012,1,45.67307663,0
2012,0,16.34615326,1
2012,1,26.44230843,0
2012,0,16.82692337,1
2012,0,19.23077011,1
2012,0,23.07692337,1
2012,1,52.88461685,0
2012,0,24.03846169,1
2012,1,38.46154022,0
2012,1,23.07692337,0
2012,0,21.15384674,1
2012,1,12.30769253,0
2012,0,26.44230843,1
2012,0,22.59615326,1
2012,0,32.96703339,1
2012,1,21.63461494,0
2012,0,5.769230843,1
2012,1,14.42307663,0
2012,0,23.55769157,1
2012,1,25,0
2012,1,28.84615326,0
2012,0,21.63461494,1
2012,0,20.19230843,1
2012,1,9.615385056,0
2012,1,34.61538315,0
2012,0,14.42307663,1
2012,1,36.05769348,0
2012,1,20.67307663,0
2012,1,16.02564049,0
2012,0,32.38866425,1
2012,0,28.84615326,1
2012,1,30.76922989,0
2012,0,17.30769157,1
2012,0,27.47252655,1
2012,1,15.81196594,0
2012,0,17.30769157,1
2012,1,21.63557625,0
2012,0,33.65384674,1
2012,0,28.34008026,1
2012,1,23.27935219,0
2012,0,28.36538506,1
2012,0,14.42307663,1
2012,1,8.653845787,0
2012,0,8.894230843,1
2012,1,23.50427437,0
2012,1,14.42307663,0
2012,1,33.65384674,0
2012,1,18.26922989,0
2012,0,31.25,1
2012,0,19.23077011,1
2012,1,13.05667973,0
2012,0,19.23077011,1
2012,0,10.84812641,1
2012,0,18.26922989,1
2012,1,24.03846169,0
2012,1,29.9145298,0
2012,1,38.46154022,0
2012,1,24.03846169,0
2012,0,14.42307663,1
2012,1,25.48077011,0
2012,0,16.76528549,1
2012,0,16.82692337,1
2012,0,21.63461494,1
2012,0,43.26922989,1
2012,1,33.65384674,0
2012,0,17.30769157,1
2012,1,32.30769348,0
2012,1,9.375,0
2012,0,24.03846169,1
2012,0,10.57692337,1
2012,0,21.63557625,1
2012,1,19.23077011,0
2012,0,14.42307663,1
2012,1,11.53846169,0
2012,1,12.98076916,0
2012,0,27.2435894,1
2012,1,14.28571415,0
2012,1,28.84615326,0
2012,1,30,0
2012,1,24.03846169,0
2012,0,17.45192337,1
2012,0,15.38461494,1
2012,0,15.86538506,1
2012,0,11.39423084,1
2012,1,24.03846169,0
2012,0,15.38461494,1
2012,1,32.69230652,0
2012,1,47.11538315,0
2012,0,19.23077011,1
2012,0,16.82692337,1
2012,1,14.52991486,0
2012,0,26.44230843,1
2012,1,16.82692337,0
2012,1,31.25,0
2012,0,27.30769157,1
2012,0,17.30769157,1
2012,1,37.5,0
2012,0,20.16885567,1
2012,0,16.11778831,1
2012,1,74.5192337,0
2012,0,14.79289913,1
2012,1,19.23077011,0
2012,1,26.875,0
2012,1,14.42307663,0
2012,1,26.44230843,0
2012,0,16.82692337,1
2012,1,17.30769157,0
2012,1,10,0
2012,0,4.273504257,1
2012,0,20.19230843,1
2012,0,27.47252655,1
2012,1,15.38461494,0
2012,1,15.38461494,0
2012,0,24.03846169,1
2012,1,9.615385056,0
2012,0,9.230769157,1
2012,0,2.403846264,1
2012,1,23.07692337,0
2012,0,29.38034248,1
2012,1,12.01923084,0
2012,1,54.54545593,0
2012,1,9.592308044,0
2012,0,17.30769157,1
2012,1,24.03846169,0
2012,0,17.30769157,1
2012,0,30.76922989,1
2012,1,19.58041954,0
2012,0,23.07692337,1
2012,1,15.38461494,0
2012,0,17.58241844,1
2012,1,11.05769253,0
2012,1,24.03846169,0
2012,0,5.769230843,1
2012,0,24.03846169,1
2012,0,38.46154022,1
2012,0,21.15384674,1
2012,1,14.42307663,0
2012,0,16.48351669,1
2012,0,40.86538315,1
2012,0,26.70940208,1
2012,0,12.88461494,1
2012,1,23.50427437,0
2012,0,15.93406582,1
2012,1,33.65384674,0
2012,1,36.32478714,0
2012,1,59.61538315,0
2012,0,25,1
2012,1,19.23077011,0
2012,0,19.23077011,1
2012,0,20.19230843,1
2012,1,20.54195786,0
2012,1,13,0
2012,0,22.11538506,1
2012,1,10.91346169,0
2012,1,62.5,0
2012,0,42.73504257,1
2012,0,16.10577011,1
2012,0,21.875,1
2012,1,57.69230652,0
2012,0,38.94326782,1
2012,1,28.84615326,0
2012,1,19.23077011,0
2012,0,25.96153831,1
2012,0,25,1
2012,0,39.42307663,1
2012,1,16.92307663,0
2012,1,16.15384674,0
2012,0,21.2550602,1
2012,1,18.13186836,0
2012,1,16.70040512,0
2012,0,12.98076916,1
2012,0,21.36752129,1
2012,0,20.03205109,1
2012,0,25.40865326,1
2012,1,24.03846169,0
2012,0,9.430473328,1
2012,1,21.53846169,0
2012,1,17.71255112,0
2012,0,13,1
2012,1,29.5,0
2012,1,9,0
2012,0,19.23077011,1
2012,1,25.96153831,0
2012,0,31.25,1
2012,0,16.82692337,1
2012,0,15.38461494,1
2012,0,12.5,1
2012,0,24.03846169,1
2012,1,16.82692337,0
2012,0,17.06730843,1
2012,0,16.66666603,1
2012,1,55.28845978,0
2012,1,33.65384674,0
2012,1,25.64102554,0
2012,0,36.05769348,1
2012,0,8.97959137,1
2012,1,19.23077011,0
2012,0,14.76648331,1
2012,1,60.09615326,0
2012,1,16.82692337,0
2012,0,20.19326973,1
2012,1,8.846154213,0
2012,0,13.26923084,1
2012,0,13.26923084,1
2012,1,13.19999981,0
2012,1,16.82692337,0
2012,0,43.40277863,1
2012,1,40.86538315,0
2012,0,33.65384674,1
2012,1,37.01922989,0
2012,1,28.47633171,0
2012,1,22.95918274,0
2012,1,19.23077011,0
2012,1,57.69230652,0
2012,0,16.34615326,1
2012,1,28.84615326,0
2012,0,35.25640869,1
2012,1,17.30769157,0
2012,0,19.78022003,1
2012,1,34.18803406,0
2012,0,31.98125076,1
2012,0,29.80769157,1
2012,0,28.84615326,1
2012,1,33.84615326,0
2012,1,21.36752129,0
2012,1,24.03846169,0
2012,0,24.03846169,1
2012,0,16.34615326,1
2012,1,18.2701931,0
2012,0,21.63461494,1
2012,1,26.92307663,0
2012,1,8.653845787,0
2012,1,60.09615326,0
2012,0,32.69230652,1
2012,0,53.84615326,1
2012,0,11.05769253,1
2012,0,19.58333397,1
2012,1,6.593406677,0
2012,0,14.42307663,1
2012,0,24.95192337,1
2012,0,16.64201164,1
2012,1,48.07692337,0
2012,1,20.2429142,0
2012,1,26.44230843,0
2012,0,16.82692337,1
2012,0,16.82692337,1
2012,0,14.42307663,1
2012,1,11.53846169,0
2012,1,12.01923084,0
2012,0,30.76922989,1
2012,0,12.94378662,1
2012,0,19.23077011,1
2012,1,42.73504257,0
2012,1,25.72649574,0
2012,0,15.10683727,1
2012,1,18.75,0
2012,0,39.90384674,1
2012,1,16.82692337,0
2012,1,19.71153831,0
2012,0,14.42307663,1
2012,1,28.47633171,0
2012,1,9.829059601,0
2012,1,38.46154022,0
2012,0,15.07276535,1
2012,1,25.24038506,0
2012,0,21.63461494,1
2012,1,36.6300354,0
2012,0,13.84615421,1
2012,1,24.03846169,0
2012,1,25.24038506,0
2012,0,12.74038506,1
2012,1,42.73504257,0
2012,0,28.63247871,1
2012,1,11.05769253,0
2012,0,16.11778831,1
2012,0,18.75,1
2012,1,13.73626328,0
2012,1,17.09401703,0
2012,1,24.03846169,0
2012,0,21.63461494,1
2012,1,15.38461494,0
2012,0,24.75961494,1
2012,1,28.84615326,0
2012,0,21.36752129,1
2012,0,18.75,1
2012,0,13.80219746,1
2012,0,8.653845787,1
2012,0,26.20192337,1
2012,0,16.82692337,1
2012,0,31.2509613,1
2012,1,44.71154022,0
2012,0,37.5,1
2012,0,2.307692289,1
2012,0,22.59615326,1
2012,1,28.84615326,0
2012,0,21.15384674,1
2012,0,19.23077011,1
2012,1,49.57265091,0
2012,1,19.00673103,0
2012,1,17.30769157,0
2012,0,16.19433212,1
2012,1,9.615385056,0
2012,0,14.42307663,1
2012,1,25.96153831,0
2012,0,7.026627064,1
2012,1,23.07692337,0
2012,0,26.44230843,1
2012,1,17.62820435,0
2012,0,36.32478714,1
2012,0,22.11538506,1
2012,1,30,0
2012,1,17.94871712,0
2012,0,13.60576916,1
2012,0,19.23077011,1
2012,0,25,1
2012,1,19.23077011,0
2012,0,16.11778831,1
2012,0,16.82692337,1
2012,1,23.07692337,0
2012,0,13.41093159,1
2012,0,31.25,1
2012,1,34.61538315,0
2012,1,57.69230652,0
2012,0,35.25640869,1
2012,1,33.65384674,0
2012,1,22.11538506,0
2012,1,2.403846264,0
2012,0,12.98076916,1
2012,0,15.38461494,1
2012,0,25.49019623,1
2012,0,31.25,1
2012,1,29.38034248,0
2012,0,10.57692337,1
2012,1,22.59615326,0
2012,0,15.86538506,1
2012,0,17.30769157,1
2012,0,17.30769157,1
2012,1,21.63557625,0
2012,0,36.05769348,1
2012,1,30.76922989,0
2012,0,29.38034248,1
2012,1,30.44871712,0
2012,0,7.407407284,1
2012,1,29.08653831,0
2012,1,28.84615326,0
2012,1,33.65384674,0
2012,1,19.23077011,0
2012,1,19.23077011,0
2012,1,24.03846169,0
2012,1,46.39422989,0
2012,1,16.82692337,0
2012,0,25,1
2012,1,24.03846169,0
2012,0,36.05769348,1
2012,0,21.63461494,1
2012,1,21.36752129,0
2012,1,7.396449566,0
2012,1,28.84615326,0
2012,0,37.98077011,1
2012,1,43.27019119,0
2012,0,25.64102554,1
2012,0,22.03525734,1
2012,0,21.63461494,1
2012,1,13.46153831,0
2012,0,12.06730747,1
2012,1,12.98076916,0
2012,0,29.32692337,1
2012,1,14.42307663,0
2012,1,46.15384674,0
2012,0,11.53846169,1
2012,0,21.15384674,1
2012,1,40.86538315,0
2012,1,26.92307663,0
2012,1,22.11538506,0
2012,1,23.07692337,0
2012,0,25.48077011,1
2012,1,14.42307663,0
2012,0,2.307692289,1
2012,1,40.86538315,0
2012,0,21.63461494,1
2012,1,72.11538696,0
2012,0,16.82692337,1
2012,0,5.769230843,1
2012,1,33.21678162,0
2012,0,21.63461494,1
2012,0,25.10683823,1
2012,0,16.82692337,1
2012,1,25.21367455,0
2012,0,23.07692337,1
2012,1,19.23077011,0
2012,1,18.54395676,0
2012,0,14.97735023,1
2012,0,17.52136803,1
2012,1,34.18803406,0
2012,0,28.84615326,1
2012,0,33.33333206,1
2012,1,29.9145298,0
2012,0,24.78632545,1
2012,1,30.76922989,0
2012,0,14.03846169,1
2012,1,25,0
2012,1,9.890110016,0
2012,1,18,0
2012,1,15.38461494,0
2012,0,16.53846169,1
2012,0,23.62637329,1
2012,1,30.44871712,0
2012,1,22.11538506,0
2012,0,12.76223755,1
2012,0,18.3150177,1
2012,0,24.5,1
2012,1,16.66666603,0
2012,0,17.78846169,1
2012,0,17.78942299,1
2012,0,21.36752129,1
2012,1,19.23077011,0
2012,0,21.15384674,1
2012,1,33.65384674,0
2012,0,17.09487152,1
2012,0,23.50427437,1
2012,1,42.30769348,0
2012,0,6.25,1
2012,0,16.82692337,1
2012,0,32.93269348,1
2012,0,13.18681335,1
2012,1,12.01923084,0
2012,0,11.33241749,1
2012,0,23.31730843,1
2012,1,33.65384674,0
2012,1,26.51922989,0
2012,0,34.90384674,1
2012,0,28.84615326,1
2012,1,10.43317318,0
2012,1,24.03846169,0
2012,0,32.05128098,1
2012,1,13.88888931,0
2012,0,26.92307663,1
2012,1,14.42307663,0
2012,1,12.98076916,0
2012,0,11.53846169,1
2012,0,17.78846169,1
2012,1,17,0
2012,1,28.04487228,0
2012,0,13.46153831,1
2012,1,38.46154022,0
2012,1,33.84615326,0
2012,1,33.84615326,0
2012,0,28.26922989,1
2012,0,19.67799568,1
2012,1,27.88461494,0
2012,0,40.06410217,1
2012,0,13.07692337,1
2012,1,15.38461494,0
2012,0,13.46153831,1
2012,1,27.2435894,0
2012,1,35.09615326,0
2012,1,11.53846169,0
2012,0,14.42307663,1
2012,0,24.03846169,1
2012,0,11.73557663,1
2012,1,23,0
2012,0,9.615385056,1
2012,1,20.5128212,0
2012,1,14.42307663,0
2012,1,11.53846169,0
2012,0,10.09615421,1
2012,1,19.23077011,0
2012,0,28.36538506,1
2012,0,13.46153831,1
2012,0,23.07692337,1
2012,1,22.11538506,0
2012,1,25,0
2012,1,16.53846169,0
2012,0,10.57692337,1
2012,1,34.61538315,0
2012,1,19.71153831,0
2012,0,19.23077011,1
2012,0,13.46153831,1
2012,0,17.78942299,1
2012,1,28.84615326,0
2012,0,48.07692337,1
2012,1,15.81196594,0
2012,0,17.78846169,1
2012,1,13.46153831,0
2012,1,16.14999962,0
2012,0,16.29807663,1
2012,0,27.88461494,1
2012,1,23.07692337,0
2012,1,24.03846169,0
2012,0,29.56730843,1
2012,0,5.78231287,1
2012,1,24.03846169,0
2012,1,16.34711456,0
2012,0,13.98671341,1
2012,0,22.52747345,1
2012,1,12.30769253,0
2012,1,19.23077011,0
2012,1,44.56730652,0
2012,0,31.25,1
2012,1,20.19230843,0
2012,1,72.11538696,0
2012,0,21.23397446,1
2012,1,35.09615326,0
2012,0,27.40384674,1
2012,0,15.86538506,1
2012,1,33.65384674,0
2012,0,38.46154022,1
2012,0,35.25640869,1
2012,0,36.05769348,1
2012,1,25,0
2012,0,24.51922989,1
2012,1,28.84615326,0
2012,1,24.03846169,0
2012,0,19.71153831,1
2012,1,22.59615326,0
2012,1,21.36752129,0
2012,0,37.5,1
2012,1,30,0
2012,1,30,0
2012,1,39.56044006,0
2012,0,17.25961494,1
2012,0,15.38461494,1
2012,0,16.83673477,1
2012,1,26.44230843,0
2012,0,22.59615326,1
2012,0,42.78845978,1
2012,0,28.42777824,1
2012,1,28.84615326,0
2012,1,28.84615326,0
2012,1,36.05769348,0
2012,0,16.82692337,1
2012,0,33.65384674,1
2012,1,23.07692337,0
2012,0,28.84615326,1
2012,0,5.75,1
2012,0,23.64864922,1
2012,0,13.55692291,1
2012,1,23.02307701,0
2012,1,20.19230843,0
2012,0,21.63461494,1
2012,0,40.86538315,1
2012,0,38.46154022,1
2012,0,23.86971092,1
2012,0,15.38461494,1
2012,0,37.5,1
2012,1,28.84615326,0
2012,1,35.57692337,0
2012,1,32.47863388,0
2012,1,25,0
2012,1,35.57692337,0
2012,0,36.05769348,1
2012,1,16.49038506,0
2012,1,23.93162346,0
2012,0,13.46153831,1
2012,1,28.84615326,0
2012,0,25,1
2012,1,22.59615326,0
2012,1,25,0
2012,1,28.84615326,0
2012,0,16.34615326,1
2012,1,25.24038506,0
2012,0,28.84615326,1
2012,1,28.84615326,0
2012,0,18.80341911,1
2012,1,38.46154022,0
2012,1,12.23776245,0
2012,1,16.82692337,0
2012,0,37.39316177,1
2012,1,12.23776245,0
2012,1,20.19230843,0
2012,0,10.33653831,1
2012,1,16.82692337,0
2012,1,57.69230652,0
2012,0,23.90852356,1
2012,1,15.06410217,0
2012,0,24.03846169,1
2012,0,27.69230843,1
2012,1,13.46153831,0
2012,1,28.113554,0
2012,0,29.32692337,1
2012,0,14.71153831,1
2012,0,19.23077011,1
2012,0,15.38461494,1
2012,0,8.741258621,1
2012,0,14.32692337,1
2012,1,16.82692337,0
2012,1,38.46154022,0
2012,1,18.50961494,0
2012,0,28.84615326,1
2012,1,28.84615326,0
2012,0,24.03846169,1
2012,1,23.07692337,0
2012,1,25.96153831,0
2012,0,15.625,1
2012,0,10.56290054,1
2012,1,10.91346169,0
2012,1,20,0
2012,0,12.82051277,1
2012,1,31.25,0
2012,0,35.57692337,1
2012,0,16.82692337,1
2012,0,14.23076916,1
2012,0,20.5128212,1
2012,1,36.5394249,0
2012,0,11.15384579,1
2012,1,30.76922989,0
2012,1,18.37606812,0
2012,1,18.16239357,0
2012,1,13.7435894,0
2012,1,19.23077011,0
2012,1,20.38461494,0
2012,0,15.86538506,1
2012,1,20.19230843,0
2012,0,40.86538315,1
2012,1,18.18181801,0
2012,0,13.94230747,1
2012,0,21.63461494,1
2012,0,27.77777863,1
2012,0,12.01923084,1
2012,1,34.18803406,0
2012,1,40.86538315,0
2012,0,13.46153831,1
2012,0,24.03846169,1
2012,0,29.38034248,1
2012,1,19.23077011,0
2012,1,24.03846169,0
2012,0,25.48077011,1
2012,0,26.44230843,1
2012,1,22.11538506,0
2012,0,17.30769157,1
2012,0,20.19230843,1
2012,1,19.23077011,0
2012,1,24.03846169,0
2012,1,10.41666698,0
2012,0,20.71006012,1
2012,0,28.46153831,1
2012,1,28.84615326,0
2012,0,17.30769157,1
2012,0,21.97802162,1
2012,0,27.11538506,1
2012,1,32.05128098,0
2012,1,23.84615326,0
2012,0,19.42307663,1
2012,1,20.40816307,0
2012,1,17.94871712,0
2012,1,14.79289913,0
2012,1,19.23077011,0
2012,1,23.35164833,0
2012,0,29.80769157,1
2012,1,17.09401703,0
2012,1,22.22222137,0
2012,0,29.80769157,1
2012,0,7.692307472,1
2012,0,18.26922989,1
2012,1,13.88888931,0
2012,1,24.03846169,0
2012,1,15.38461494,0
2012,0,12.23776245,1
2012,0,9.615385056,1
2012,1,13.46153831,0
2012,1,20.38461494,0
2012,1,24.03846169,0
2012,0,14.90384579,1
2012,1,14.61538506,0
2012,0,16.34615326,1
2012,1,13.67521381,0
2012,0,21.97802162,1
2012,1,38.46154022,0
2012,0,13.46153831,1
2012,1,21.67832184,0
2012,1,10.2564106,0
2012,0,25,1
2012,1,16.66666603,0
2012,1,22.05128288,0
2012,1,11.05769253,0
2012,0,10.1960783,1
2012,0,13.46153831,1
2012,0,15.38461494,1
2012,1,16.82692337,0
2012,1,32.30769348,0
2012,1,21.63461494,0
2012,0,19.23077011,1
2012,0,50,1
2012,0,16.82692337,1
2012,0,17.54807663,1
2012,1,24.13003731,0
2012,1,16.82692337,0
2012,1,14.18269253,0
2012,0,14.42307663,1
2012,1,15.86538506,0
2012,0,13.94230747,1
2012,1,43.26922989,0
2012,1,16.63461494,0
2012,1,18.80341911,0
2012,0,32.88461685,1
2012,0,39.90384674,1
2012,1,36.15384674,0
2012,0,21.23397446,1
2012,1,28.84615326,0
2012,1,26.92307663,0
2012,1,31.42589188,0
2012,1,15.38461494,0
2012,1,24.03846169,0
2012,1,16.5,0
2012,1,24.03846169,0
2012,1,28.84615326,0
2012,1,13.73626328,0
2012,0,19.23077011,1
2012,1,14.125,0
2012,1,24.03846169,0
2012,0,14.42307663,1
2012,1,30.76922989,0
2012,1,21.15384674,0
2012,0,17.69230843,1
2012,1,15.86538506,0
2012,1,26.44230843,0
2012,1,32.69230652,0
2012,0,19.23077011,1
2012,1,12.82051277,0
2012,1,20.94017029,0
2012,0,18.26922989,1
2012,0,26.44230843,1
2012,1,7.777777672,0
2012,1,24.03846169,0
2012,1,21.63461494,0
2012,1,9.467455864,0
2012,0,13.46153831,1
2012,0,26.44230843,1
2012,1,14.9572649,0
2012,0,48.07692337,1
2012,1,43.07692337,0
2012,0,17.30769157,1
2012,0,10.57692337,1
2012,1,13.73626328,0
2012,1,13.46153831,0
2012,0,33.65384674,1
2012,1,24.03846169,0
2012,1,19.23077011,0
2012,1,26.70940208,0
2012,0,17.78846169,1
2012,1,28.84615326,0
2012,0,17.78846169,1
2012,0,14.65201473,1
2012,1,34.61538315,0
2012,1,45.67307663,0
2012,0,17.30769157,1
2012,0,20.67307663,1
2012,1,14.42307663,0
2012,0,12.01923084,1
2012,0,23.07692337,1
2012,1,29.9145298,0
2012,1,19.23077011,0
2012,1,21.36752129,0
2012,0,5.769230843,1
2012,1,16.66666603,0
2012,0,19.71153831,1
2012,0,16.82692337,1
2012,1,26.92307663,0
2012,0,16.55982971,1
2012,1,11.92307663,0
2012,1,29.91538429,0
2012,0,18.07692337,1
2012,1,16.82692337,0
2012,1,17.09401703,0
2012,0,11.05769253,1
2012,0,29.38568306,1
2012,0,17.62820435,1
2012,1,26.44230843,0
2012,0,21.63461494,1
2012,1,28.84615326,0
2012,1,28.38827896,0
2012,0,12.01923084,1
2012,1,12.85714245,0
2012,0,14,1
2012,0,23.93162346,1
2012,1,10.22913265,0
2012,0,27.2435894,1
2012,1,19.71153831,0
2012,1,31.25,0
2012,1,16.82692337,0
2012,0,27.47252655,1
2012,1,45.67307663,0
2012,0,19.23077011,1
2012,1,17.09134674,0
2012,1,20.83333397,0
2012,1,31.25,0
2012,0,13.03461552,1
2012,0,15.38461494,1
2012,1,18.18181801,0
2012,1,26.06837654,0
2012,1,22.69230843,0
2012,1,20.19230843,0
2012,0,13.46153831,1
2012,1,23.07692337,0
2012,0,16.82692337,1
2012,1,17.09401703,0
2012,0,21.36752129,1
2012,1,28.84615326,0
2012,1,57.69230652,0
2012,0,16.82692337,1
2012,1,11.65501213,0
2012,1,16.34615326,0
2012,0,32.21154022,1
2012,1,38.60577011,0
2012,0,9.615385056,1
2012,0,15.86538506,1
2012,0,13.84615421,1
2012,1,17.78942299,0
2012,1,16.34615326,0
2012,1,10.57692337,0
2012,1,10.57692337,0
2012,1,22.43589783,0
2012,0,14.90384579,1
2012,0,72.11538696,1
2012,0,4.273504257,1
2012,0,4.273504257,1
2012,1,9.134614944,0
2012,1,36.05769348,0
2012,0,37.39316177,1
2012,0,12.98076916,1
2012,0,16.82692337,1
2012,1,36.09401703,0
2012,1,43.80341721,0
2012,1,12.98076916,0
2012,0,13.00480747,1
2012,0,26.04166603,1
2012,0,16.82692337,1
2012,1,19.03846169,0
2012,0,16.66666603,1
2012,1,18.26922989,0
2012,0,14.42307663,1
2012,1,15.38461494,0
2012,0,11.12266159,1
2012,1,14.42307663,0
2012,1,19.23077011,0
2012,1,25.96153831,0
2012,1,39.90384674,0
2012,0,14.79289913,1
2012,0,14.90384579,1
2012,1,21.63461494,0
2012,0,15.38461494,1
2012,1,31.25,0
2012,0,31.11111069,1
2012,0,24.03846169,1
2012,0,26.92307663,1
2012,1,16.14658928,0
2012,0,15.28340054,1
2012,0,14.42307663,1
2012,1,11.1888113,0
2012,0,12.25490189,1
2012,1,15.23076916,0
2012,0,8.653845787,1
2012,1,55.28845978,0
2012,0,12.98076916,1
2012,0,16.53846169,1
2012,0,29.38034248,1
2012,0,12.06730747,1
2012,1,20.2429142,0
2012,0,9.615385056,1
2012,0,33.42266846,1
2012,1,42.30769348,0
2012,1,20.97902107,0
2012,1,38.46154022,0
2012,0,19.23077011,1
2012,0,2.5,1
2012,0,11.15384579,1
2012,0,33.65384674,1
2012,0,9.615385056,1
2012,0,7.796257973,1
2012,0,21.63461494,1
2012,1,14.42307663,0
2012,0,19.76495743,1
2012,0,24.03846169,1
2012,1,18.46153831,0
2012,0,14.90384579,1
2012,0,18.80341911,1
2012,0,14.66346169,1
2012,0,18.75,1
2012,1,19.03846169,0
2012,0,24.03846169,1
2012,0,26.44230843,1
2012,0,7.692307472,1
2012,0,28.84615326,1
2012,1,12.98076916,0
2012,1,16.48351669,0
2012,0,9.935897827,1
2012,0,9.615385056,1
2012,0,13.67521381,1
2012,1,12.0165596,0
2012,1,21.63461494,0
2012,1,27.77777863,0
2012,1,15.81196594,0
2012,1,29.80769157,0
2012,0,10.09615421,1
2012,0,14.42307663,1
2012,0,19.23077011,1
2012,1,8.547008514,0
2012,0,12.01923084,1
2012,1,13.31360912,0
2012,1,21.15384674,0
2012,0,15.52532864,1
2012,1,48.07692337,0
2012,1,29.9145298,0
2012,0,31.25,1
2012,0,15.38461494,1
2012,0,11.33241749,1
2012,0,20.91346169,1
2012,1,26.32596207,0
2012,0,22.59615326,1
2012,1,28.84615326,0
2012,1,28.41880417,0
2012,1,13.70288467,0
2012,0,10.09615421,1
2012,0,29.80769157,1
2012,1,15.38461494,0
2012,0,13.94230747,1
2012,1,28.04487228,0
2012,0,20.19230843,1
2012,1,19.23077011,0
2012,0,19.23077011,1
2012,0,13.98601437,1
2012,1,48.07692337,0
2012,0,2.884615421,1
2012,0,16.34615326,1
2012,1,14.32692337,0
2012,0,11.53846169,1
2012,1,16.82692337,0
2012,1,50,0
2012,1,16.34615326,0
2012,1,20.94017029,0
2012,1,33.65384674,0
2012,1,26.44230843,0
2012,0,26.70940208,1
2012,1,21.36752129,0
2012,0,14.42307663,1
2012,1,16.14999962,0
2012,0,20.67307663,1
2012,1,59.8290596,0
2012,0,42.73504257,1
2012,1,36.05769348,0
2012,0,36.05769348,1
2012,0,13.94230747,1
2012,1,20.81730843,0
2012,0,19.23077011,1
2012,1,15.73426533,0
2012,0,27.40384674,1
2012,0,29.05982971,1
2012,1,14.83516502,0
2012,0,24,1
2012,1,23.55769157,0
2012,0,27.88461494,1
2012,1,12.01923084,0
2012,1,29.80769157,0
2012,0,10.89743614,1
2012,1,15,0
2012,1,19.80769157,0
2012,0,16.23931694,1
2012,1,26.92307663,0
2012,1,42.58241653,0
2012,1,28.07692337,0
2012,1,21.56862831,0
2012,0,24.30069923,1
2012,1,13.46153831,0
2012,0,12.5,1
2012,1,21.15384674,0
2012,0,33.65384674,1
2012,0,24.03846169,1
2012,1,26.44230843,0
2012,1,24.29829025,0
2012,1,27.88461494,0
2012,0,24.03846169,1
2012,0,17.30769157,1
2012,1,21.15384674,0
2012,0,36.05769348,1
2012,1,14.61538506,0
2012,1,17.09401703,0
2012,1,16.73077011,0
2012,0,16.02564049,1
2012,1,74.5192337,0
2012,1,16.82692337,0
2012,0,40.86538315,1
2012,1,22.11538506,0
2012,0,26.44230843,1
2012,0,20.19230843,1
2012,1,19.23077011,0
2012,0,20.67307663,1
2012,1,16.82692337,0
2012,1,15.86538506,0
2012,0,8.413461685,1
2012,0,21.63461494,1
2012,1,9.265734673,0
2012,0,11.53846169,1
2012,0,13.94230747,1
2012,1,40.95441437,0
2012,0,31.53846169,1
2012,0,21.15384674,1
2012,0,15.38461494,1
2012,0,7.574175835,1
2012,0,14.90384579,1
2012,1,12.82051277,0
2012,1,26.2260685,0
2012,1,28.35913467,0
2012,1,20.97902107,0
2012,0,28.84615326,1
2012,0,15.38461494,1
2012,0,15.38461494,1
2012,1,13.46153831,0
2012,0,13.46153831,1
2012,1,20.19230843,0
2012,1,18.55769157,0
2012,0,14.02740383,1
2012,1,44.87179565,0
2012,0,13.46153831,1
2012,0,16.82692337,1
2012,0,19.23077011,1
2012,1,29.80769157,0
2012,0,20,1
2012,1,24.03846169,0
2012,1,62.5,0
2012,0,22.59615326,1
2012,1,35.57692337,0
2012,1,34.72222137,0
2012,1,19.23077011,0
2012,0,15.38461494,1
2012,0,14.42307663,1
2012,1,30.28846169,0
2012,0,8.07692337,1
2012,1,19.23077011,0
2012,0,9.615385056,1
2012,0,21.63461494,1
2012,0,15.96153831,1
2012,1,45.91345978,0
2012,0,12.5,1
2012,1,39.23077011,0
2012,0,48.07692337,1
2012,0,26.44230843,1
2012,1,23.07692337,0
2012,1,26.44230843,0
2012,1,31.25,0
2012,1,69.71154022,0
2012,0,11.53846169,1
2012,0,19.23173141,1
2012,1,19.71249962,0
2012,0,8.653845787,1
2012,0,44.50549316,1
2012,0,34.56826782,1
2012,1,19.23077011,0
2012,1,23.07692337,0
2012,0,25.96153831,1
2012,1,19.23077011,0
2012,0,21.63461494,1
2012,1,24.33280945,0
2012,0,59.61538315,1
2012,1,21.15384674,0
2012,1,21.15384674,0
2012,1,46.15480804,0
2012,0,31.73077011,1
2012,1,38.46154022,0
2012,1,35.25640869,0
2012,0,32.69230652,1
2012,1,9.134614944,0
2012,0,33.65384674,1
2012,0,24.51922989,1
2012,1,19.23077011,0
2012,1,38.46154022,0
2012,1,28.84711456,0
2012,0,12.01923084,1
2012,0,14.61538506,1
2012,1,36.05769348,0
2012,0,23.55865479,1
2012,0,8,1
2012,1,20.19230843,0
2012,0,14.42307663,1
2012,1,16.82692337,0
2012,0,31.25,1
2012,0,20.33653831,1
2012,1,10,0
2012,0,5.769230843,1
2012,1,20.91346169,0
2012,0,15.38461494,1
2012,0,23.07692337,1
2012,0,16.48351669,1
2012,0,15.14423084,1
2012,1,31.77083397,0
2012,0,31.25,1
2012,1,31.25,0
2012,0,22.59615326,1
2012,0,44.23077011,1
2012,0,17.78846169,1
2012,1,42.30769348,0
2012,1,43.26922989,0
2012,0,27.47252655,1
2012,0,12.98076916,1
2012,0,8,1
2012,1,36.05769348,0
2012,0,15.38461494,1
2012,0,32.65625,1
2012,0,11.30298233,1
2012,0,18.99038506,1
2012,1,3.028846264,0
2012,1,19.71153831,0
2012,0,32.17455673,1
2012,0,23.07692337,1
2012,0,29.32692337,1
2012,0,28.84615326,1
2012,0,12.01923084,1
2012,1,34.85577011,0
2012,0,23.07692337,1
2012,0,17.36111069,1
2012,1,24.03846169,0
2012,0,21.63461494,1
2012,1,12.01923084,0
2012,0,43.26922989,1
2012,0,28.84615326,1
2012,0,19.95192337,1
2012,1,28.84615326,0
2012,0,26.44230843,1
2012,1,18.75,0
2012,1,29.80769157,0
2012,0,14.42307663,1
2012,1,46.15384674,0
2012,0,46.15384674,1
2012,1,26.44230843,0
2012,1,42.78845978,0
2012,1,24.03846169,0
2012,0,20.19230843,1
2012,1,36.29807663,0
2012,1,35.76922989,0
2012,1,5.128205299,0
2012,1,19.23077011,0
2012,1,13.46153831,0
2012,1,11.05769253,0
2012,1,11.53846169,0
2012,1,23.07692337,0
2012,0,16.92307663,1
2012,0,24.03846169,1
2012,1,43.26922989,0
2012,1,37.11538315,0
2012,0,7.211538315,1
2012,1,25.51020432,0
2012,1,28.07692337,0
2012,1,25.51020432,0
2012,0,10.48951054,1
2012,0,18.80341911,1
2012,0,37.5,1
2012,0,19.23077011,1
2012,1,43.58974457,0
2012,0,9.615385056,1
2012,1,33.52040863,0
2012,0,19.23077011,1
2012,0,11.15384579,1
2012,0,23.07692337,1
2012,1,24.03846169,0
2012,0,20.2429142,1
2012,1,17.78846169,0
2012,1,40.86538315,0
2012,1,38.46154022,0
2012,1,29.9145298,0
2012,0,22.83653831,1
2012,1,24.03846169,0
2012,0,24.03846169,1
2012,1,24.61538506,0
2012,1,26.44230843,0
2012,0,40.86538315,1
2012,1,36.05769348,0
2012,0,22.59615326,1
2012,0,22.11538506,1
2012,0,21.63461494,1
2012,1,26.92307663,0
2012,0,35.04273605,1
2012,1,28.84615326,0
2012,1,32.64758682,0
2012,0,44.23077011,1
2012,1,25.96153831,0
2012,1,25,0
2012,0,9.615385056,1
2012,1,27.47252655,0
2012,1,18.75,0
2012,0,14.90384579,1
2012,1,34.61538315,0
2012,1,29.9145298,0
2012,0,13.54166698,1
2012,0,4.427083492,1
2012,0,23.55769157,1
2012,1,64.2857132,0
2012,1,23.2142849,0
2012,0,15.86538506,1
2012,1,18.26922989,0
2012,1,25,0
2012,1,18.26922989,0
2012,1,48.07692337,0
2012,1,33.65384674,0
2012,0,41.82692337,1
2012,1,24.03846169,0
2012,1,4.437870026,0
2012,0,7.407407284,1
2012,0,24.03846169,1
2012,0,35.09615326,1
2012,0,19.23077011,1
2012,1,23.80952454,0
2012,0,25.30364418,1
2012,0,24.03846169,1
2012,0,25.96153831,1
2012,1,10.91346169,0
2012,1,32.69230652,0
2012,0,36.32478714,1
2012,1,34.61538315,0
2012,0,28.20512772,1
2012,1,12.01923084,0
2012,0,33.65384674,1
2012,0,45.67307663,1
2012,1,28.84615326,0
2012,1,38.46154022,0
2012,1,26.92307663,0
2012,1,20.67307663,0
2012,1,34.61538315,0
2012,0,26.15384674,1
2012,0,17.88461494,1
2012,0,24.03846169,1
2012,1,34.61538315,0
2012,0,24.03846169,1
2012,1,13.18681335,0
2012,1,15.16272163,0
2012,0,20,1
2012,0,14.42307663,1
2012,1,28.84615326,0
2012,1,37.5,0
2012,1,11.53846169,0
2012,1,24.03846169,0
2012,0,22.72727203,1
2012,1,19.23077011,0
2012,1,12.82051277,0
2012,1,44.37869644,0
2012,1,50.48077011,0
2012,1,28.84711456,0
2012,0,17.78846169,1
2012,0,14.42307663,1
2012,1,17.78846169,0
2012,1,22.5,0
2012,0,23.07692337,1
2012,1,20.43269157,0
2012,1,19.23077011,0
2012,0,22,1
2012,1,35.09615326,0
2012,0,31.25,1
2012,1,19.23173141,0
2012,1,19.23077011,0
2012,1,19.23173141,0
2012,1,37.69230652,0
2012,0,26.15384674,1
2012,0,25.64102554,1
2012,0,26.44230843,1
2012,1,47.00854874,0
2012,1,24.03846169,0
2012,1,10.57692337,0
2012,1,19.23077011,0
2012,0,13.94230747,1
2012,1,17.30769157,0
2012,1,19.23077011,0
2012,1,25,0
2012,1,31.46853065,0
2012,0,19.23077011,1
2012,1,48.07692337,0
2012,1,50.96154022,0
2012,1,23.2142849,0
2012,1,34.72222137,0
2012,1,41.66666794,0
2012,0,14.10000038,1
2012,0,43.26922989,1
2012,1,27.97202873,0
2012,0,8.505917549,1
2012,1,57.69230652,0
2012,1,12.5,0
2012,1,18.75,0
2012,1,25.96153831,0
2012,0,21.36752129,1
2012,1,33.65384674,0
2012,0,16.15384674,1
2012,1,13.46153831,0
2012,1,25.76922989,0
2012,0,38.46154022,1
2012,1,15.38461494,0
2012,1,33.16326523,0
2012,1,25.51020432,0
2012,0,19.38775444,1
2012,0,26.53846169,1
2012,0,19.23173141,1
2012,0,35.09615326,1
2012,1,12.01923084,0
2012,1,17.11538506,0
2012,0,44.23077011,1
2012,1,33.65384674,0
2012,0,49.03845978,1
2012,0,38.46154022,1
2012,0,43.26922989,1
2012,1,21.1546154,0
2012,1,25.64102554,0
2012,1,25.64102554,0
2012,1,25,0
2012,0,22.11538506,1
2012,1,28.84615326,0
2012,1,33.65384674,0
2012,0,13.46153831,1
2012,1,33.65384674,0
2012,0,39.14855957,1
2012,0,2.991452932,1
2012,1,5,0
2012,0,24.03846169,1
2012,1,34.61538315,0
2012,1,19.23077011,0
2012,0,24.03846169,1
2012,0,36.32478714,1
2012,0,18.80341911,1
2012,0,23.07692337,1
2012,0,26.39860153,1
2012,1,21.4285717,0
2012,1,38.46154022,0
2012,1,24.03846169,0
2012,0,41.82692337,1
2012,0,15.625,1
2012,0,16.82788467,1
2012,0,24.03846169,1
2012,0,14.42307663,1
2012,1,30.76922989,0
2012,0,20.67307663,1
2012,0,43.26922989,1
2012,0,25.64102554,1
2012,0,23.4375,1
2012,0,19.23077011,1
2012,0,19.23077011,1
2012,0,17.30769157,1
2012,0,20.27026939,1
2012,0,19.23077011,1
2012,1,38.46154022,0
2012,0,24.03846169,1
2012,0,13.94230747,1
2012,1,15.38461494,0
2012,0,17.10641098,1
2012,1,24.03846169,0
2012,0,17.78846169,1
2012,1,28.84615326,0
2012,0,28.84615326,1
2012,1,40.86538315,0
2012,1,24.572649,0
2012,1,20.19230843,0
2012,0,9.375,1
2012,1,19.23077011,0
2012,1,5,0
2012,1,31.25,0
2012,1,12.30769253,0
2012,0,12.01923084,1
2012,0,23.07692337,1
2012,0,25,1
2012,0,10.57692337,1
2012,0,20.19230843,1
2012,0,30.76922989,1
2012,1,43.26922989,0
2012,1,43.26922989,0
2012,1,28.84615326,0
2012,1,19.23077011,0
2012,1,25.72115326,0
2012,1,15.38461494,0
2012,1,10.72115421,0
2012,0,29.05982971,1
2012,0,38.46154022,1
2012,0,17.78846169,1
2012,0,24.03846169,1
2012,1,25.98752594,0
2012,0,14.42307663,1
2012,1,17.09401703,0
2012,0,24.03846169,1
2012,0,17.78846169,1
2012,1,30.21977997,0
2012,1,17.62820435,0
2012,1,21.63461494,0
2012,0,20,1
2012,0,17.30769157,1
2012,1,14.42307663,0
2012,1,21.63461494,0
2012,1,30.76922989,0
2012,1,28.84615326,0
2012,0,17.30769157,1
2012,1,38.46154022,0
2012,0,14.02740383,1
2012,1,34.61538315,0
2012,1,33.0128212,0
2012,1,30.04807663,0
2012,0,22.59615326,1
2012,1,28.84615326,0
2012,0,30.28846169,1
2012,0,24.03846169,1
2012,1,25.64102554,0
2012,1,16.82692337,0
2012,1,20.19230843,0
2012,1,16.20192337,0
2012,0,40.95000076,1
2012,0,19.23077011,1
2012,1,37.01922989,0
2012,0,40.86538315,1
2012,0,15.38461494,1
2012,1,41.56105804,0
2012,0,22.63702011,1
2012,1,29.80769157,0
2012,0,28.84615326,1
2012,0,20.67307663,1
2012,1,32.90598297,0
2012,1,37.5,0
2012,1,20.19230843,0
2012,0,42.30769348,1
2012,0,19.23077011,1
2012,0,48.07692337,1
2012,0,13.78205109,1
2012,0,19.38775444,1
2012,0,24.03846169,1
2012,0,36.05769348,1
2012,1,43.26922989,0
2012,1,12.01923084,0
2012,1,49.09983444,0
2012,0,43.26922989,1
2012,1,26.44230843,0
2012,0,25.96153831,1
2012,1,41.53845978,0
2012,1,45.67307663,0
2012,0,4.871794701,1
2012,1,19.23077011,0
2012,0,15.38461494,1
2012,1,25.96153831,0
2012,0,42.78845978,1
2012,1,28.84615326,0
2012,1,37.5,0
2012,1,33.65384674,0
2012,1,31.25,0
2012,1,33.65480804,0
2012,1,8.012820244,0
2012,1,32.30769348,0
2012,0,25.96153831,1
2012,0,24.51922989,1
2012,1,20.94017029,0
2012,0,16.82692337,1
2012,0,29.78632545,1
2012,0,25.62451935,1
2012,0,25,1
2012,0,28.36538506,1
2012,1,36.71328735,0
2012,1,9.214743614,0
2012,1,11.05769253,0
2012,1,25,0
2012,1,25.21367455,0
2012,0,18.75,1
2012,1,14.42307663,0
2012,1,19.23077011,0
2012,1,29.9145298,0
2012,0,36.05769348,1
2012,0,19.23077011,1
2012,1,28.36634636,0
2012,0,24.44444466,1
2012,1,36.45833206,0
2012,1,24.72527504,0
2012,1,32.05128098,0
2012,0,8.653845787,1
2012,1,28.84615326,0
2012,0,17.09401703,1
2012,0,22.59615326,1
2012,0,24.03846169,1
2012,0,14.42307663,1
2012,1,20.83333397,0
2012,0,19.23077011,1
2012,0,8.653845787,1
2012,0,6.730769157,1
2012,0,13.55769253,1
2012,1,15.73426533,0
2012,1,16,0
2012,0,12.80080032,1
2012,1,45.19230652,0
2012,1,26.44230843,0
2012,0,13.46153831,1
2012,0,13.5010004,1
2012,0,14.42307663,1
2012,0,22.35528755,1
2012,0,16.90283394,1
2012,1,21.73077011,0
2012,0,17.06730843,1
2012,0,9.230769157,1
2012,0,15.22435856,1
2012,1,69.71154022,0
2012,1,17.30769157,0
2012,0,17.22756386,1
2012,1,28.84615326,0
2012,0,16.23931694,1
2012,1,26.92307663,0
2012,1,18.95729256,0
2012,1,10.57788467,0
2012,1,38.46154022,0
2012,0,21.63557625,1
2012,1,4.206730843,0
2012,0,12.01923084,1
2012,0,15.18218613,1
2012,1,11.96581173,0
2012,0,14.42307663,1
2012,1,11.53846169,0
2012,1,38.94230652,0
2012,1,28.84711456,0
2012,1,19.23077011,0
2012,0,16.82692337,1
2012,1,10.09615421,0
2012,1,23.07692337,0
2012,0,12.01923084,1
2012,0,13.46153831,1
2012,0,13.67521381,1
2012,1,23.71794891,0
2012,1,16.38461494,0
2012,0,14.42307663,1
2012,1,29.80769157,0
2012,0,22.30769157,1
2012,0,18.02884674,1
2012,0,12.01923084,1
2012,0,24.03846169,1
2012,0,36.32478714,1
2012,1,25,0
2012,0,24.03846169,1
2012,1,43.26922989,0
2012,1,26.44230843,0
2012,0,40.86538315,1
2012,0,14.42307663,1
2012,0,17.40384674,1
2012,1,30.76922989,0
2012,1,21.63461494,0
2012,0,16.82788467,1
2012,0,15.38461494,1
2012,1,19.23077011,0
2012,1,9.615385056,0
2012,0,11.43451118,1
2012,0,13.73626328,1
2012,1,21.63461494,0
2012,1,34.61538315,0
2012,0,16.82692337,1
2012,1,3.846153736,0
2012,1,16.82692337,0
2012,0,17.30769157,1
2012,1,28.07692337,0
2012,0,16.82692337,1
2012,1,57.69230652,0
2012,1,23.55769157,0
2012,1,33.65384674,0
2012,1,15.38461494,0
2012,0,12.01923084,1
2012,0,21.63461494,1
2012,1,13.46153831,0
2012,1,19.23077011,0
2012,0,33.40081024,1
2012,1,13.46153831,0
2012,1,28.84615326,0
2012,0,37.98077011,1
2012,1,32.69230652,0
2012,0,26.44230843,1
2012,1,17.30769157,0
2012,1,16.88888931,0
2012,0,38.99572754,1
2012,1,20.43269157,0
2012,0,19.23077011,1
2012,1,16.82692337,0
2012,1,44.23077011,0
2012,0,17.78846169,1
2012,1,16.34615326,0
2012,1,25,0
2012,1,10.29453468,0
2012,0,11.00604439,1
2012,1,33.65384674,0
2012,0,20.81730843,1
2012,0,30.28846169,1
2012,1,11.05769253,0
2012,0,9.615385056,1
2012,1,28.84615326,0
2012,0,7.692307472,1
2012,0,27.47252655,1
2012,0,10,1
2012,1,27.69230843,0
2012,0,6.593406677,1
2012,1,25.54059792,0
2012,1,14.42307663,0
2012,1,21.79487228,0
2012,0,21.50809669,1
2012,1,8.57538414,0
2012,0,15.86538506,1
2012,1,21.875,0
2012,0,16.82692337,1
2012,0,26.44230843,1
2012,1,25,0
2012,0,21.63461494,1
2012,0,24.03846169,1
2012,0,29.80769157,1
2012,1,24.03846169,0
2012,1,15.73426533,0
2012,0,13.70192337,1
2012,0,36.53845978,1
2012,1,53.84615326,0
2012,0,18.97773361,1
2012,1,29.9145298,0
2012,1,31.25,0
2012,0,31.25,1
2012,0,8.791209221,1
2012,0,21.97802162,1
2012,0,12.01923084,1
2012,0,19.6078434,1
2012,1,38.46154022,0
2012,0,20.71006012,1
2012,0,20.71006012,1
2012,1,28.84615326,0
2012,0,15.86538506,1
2012,1,24.03846169,0
2012,1,20.19230843,0
2012,1,10.81730747,0
2012,1,26.44230843,0
2012,1,17.30769157,0
2012,1,24.03846169,0
2012,0,18.02884674,1
2012,0,15.625,1
2012,0,25,1
2012,1,38.46154022,0
2012,0,32.69230652,1
2012,1,69.71154022,0
2012,1,28.36538506,0
2012,0,16.34615326,1
2012,1,31.25,0
2012,0,25.48077011,1
2012,1,26.44230843,0
2012,0,24.03846169,1
2012,0,34.61538315,1
2012,0,19.23077011,1
2012,0,25.48077011,1
2012,0,29.80769157,1
2012,1,16.66666603,0
2012,1,43.26922989,0
2012,1,24.03846169,0
2012,0,12.98076916,1
2012,1,12.5,0
2012,1,21.63461494,0
2012,0,14.42307663,1
2012,1,9.615385056,0
2012,0,16.15384674,1
2012,1,10.57692337,0
2012,1,23.07692337,0
2012,1,43.26922989,0
2012,0,11.53846169,1
2012,0,19.23077011,1
2012,0,14.23076916,1
2012,0,40.06410217,1
2012,0,18.75,1
2012,0,5.288461685,1
2012,1,18.26922989,0
2012,1,12.98076916,0
2012,0,19.23077011,1
2012,0,19.23077011,1
2012,1,16.53846169,0
2012,0,8.547008514,1
2012,1,26.92307663,0
2012,1,16.14658928,0
2012,1,21.63461494,0
2012,0,26.44326973,1
2012,1,24.4755249,0
2012,0,12.01923084,1
2012,1,14.42307663,0
2012,0,22.11538506,1
2012,1,36.05769348,0
2012,1,12.82051277,0
2012,0,38.46154022,1
2012,0,18.75,1
2012,1,21.49038506,0
2012,1,12.82051277,0
2012,1,16.82692337,0
2012,0,22.03525734,1
2012,0,20.76922989,1
2012,1,5.917159557,0
2012,0,15.86538506,1
2012,1,15,0
2012,0,38.46154022,1
2012,0,25.64102554,1
2012,0,23.07692337,1
2012,0,29.80769157,1
2012,0,34.61538315,1
2012,0,19.71153831,1
2012,0,12.36263752,1
2012,1,12.82051277,0
2012,1,17.78846169,0
2012,1,72.11538696,0
2012,1,21.63461494,0
2012,0,15.06410217,1
2012,1,19.23077011,0
2012,1,34.85577011,0
2012,0,15.82417583,1
2012,1,23.07692337,0
2012,1,36.32478714,0
2012,0,16.78321648,1
2012,1,14.42307663,0
2012,1,24.03846169,0
2012,1,26.44230843,0
2012,0,19.23077011,1
2012,1,44.23077011,0
2012,0,23,1
2012,1,48.07692337,0
2012,0,15.86538506,1
2012,0,12.01923084,1
2012,1,15.38461494,0
2012,0,12.01923084,1
2012,1,21.36752129,0
2012,0,13.75,1
2012,0,31.25,1
2012,0,23.50427437,1
2012,0,25.12110138,1
2012,0,19.23077011,1
2012,0,26.44230843,1
2012,1,16.34615326,0
2012,0,17.78846169,1
2012,0,28.84615326,1
2012,0,14.42307663,1
2012,1,4.807692528,0
2012,0,12.01923084,1
2012,1,25,0
2012,0,20.43269157,1
2012,1,24.03846169,0
2012,1,17.48321724,0
2012,0,31.25,1
2012,1,14.42307663,0
2012,0,7.211538315,1
2012,1,18.26922989,0
2012,1,5.288461685,0
2012,0,7.692307472,1
2012,1,50,0
2012,1,24.03846169,0
2012,0,17.78846169,1
2012,0,12.5,1
2012,0,26.44230843,1
2012,0,28.84615326,1
2012,1,9.615385056,0
2012,1,28.84615326,0
2012,0,19.23077011,1
2012,1,24.03942299,0
2012,0,16.34615326,1
2012,1,19.23077011,0
2012,0,19.23077011,1
2012,0,25.64102554,1
2012,1,6.593406677,0
2012,0,13.54166698,1
2012,1,62.5,0
2012,0,15.38461494,1
2012,1,36.05769348,0
2012,0,20.87912178,1
2012,0,9.615385056,1
2012,1,9.615385056,0
2012,1,19.23077011,0
2012,1,19.71153831,0
2012,0,20.19230843,1
2012,0,15.38461494,1
2012,0,19.23077011,1
2012,1,23.55769157,0
2012,1,58.17307663,0
2012,0,21.36752129,1
2012,0,20.87912178,1
2012,0,12.94378662,1
2012,0,11.53846169,1
2012,0,72.11538696,1
2012,1,27.2435894,0
2012,1,41.0256424,0
2012,0,32.69230652,1
2012,1,17.30769157,0
2012,1,28.02197838,0
2012,0,28.63247871,1
2012,1,19.23077011,0
2012,0,28.84615326,1
2012,1,18.69658089,0
2012,0,9.855769157,1
2012,0,40.86538315,1
2012,1,19.23077011,0
2012,0,19.23077011,1
2012,0,11.53846169,1
2012,1,21.79487228,0
2012,0,36.53845978,1
2012,1,11.53846169,0
2012,0,22.59615326,1
2012,1,37.98077011,0
2012,1,57.69230652,0
2012,0,21.63461494,1
2012,0,13.46153831,1
2012,1,37.5,0
2012,1,30.76922989,0
2012,1,13.18681335,0
2012,1,20.19230843,0
2012,0,12.5,1
2012,0,18.75,1
2012,0,20.27972031,1
2012,0,21.63461494,1
2012,1,30.67307663,0
2012,0,19.23077011,1
2012,1,28.84615326,0
2012,1,16.27219009,0
2012,1,19.23077011,0
2012,1,14.31971169,0
2012,0,17.12884521,1
2012,0,26.92307663,1
2012,0,23.07692337,1
2012,0,21.63461494,1
2012,1,17.48251724,0
2012,1,26.44230843,0
2012,0,21.63461494,1
2012,1,12.23776245,0
2012,1,23.93162346,0
2012,0,36.05769348,1
2012,0,18,1
2012,1,16.88888931,0
2012,0,27.69230843,1
2012,1,28.84615326,0
2012,1,7.692307472,0
2012,1,42.78845978,0
2012,1,29.76190567,0
2012,0,21.63461494,1
2012,0,11.05769253,1
2012,1,21.15384674,0
2012,0,17.73504257,1
2012,0,14.42307663,1
2012,0,26.44230843,1
2012,0,8.875152588,1
2012,0,9.59989357,1
2012,0,8.571428299,1
2012,0,22.59615326,1
2012,1,12.69230747,0
2012,1,25,0
2012,0,25,1
2012,0,24.03846169,1
2012,1,36.05769348,0
2012,1,19.23077011,0
2012,0,23.07692337,1
2012,0,26.15384674,1
2012,0,19.6078434,1
2012,1,8.012820244,0
2012,0,16.34615326,1
2012,1,25,0
2012,1,17.78846169,0
2012,0,9.807692528,1
2012,0,12,1
2012,0,5.494505405,1
2012,0,17.30769157,1
2012,0,24.03846169,1
2012,1,19.87179565,0
2012,0,18.37606812,1
2012,1,43.26922989,0
2012,0,9.615385056,1
2012,0,31.17913818,1
2012,0,9.890110016,1
2012,1,18.75,0
2012,0,21.63461494,1
2012,1,29.32692337,0
2012,0,21.25473595,1
2012,1,33.65384674,0
2012,0,21.75480843,1
2012,1,19.23077011,0
2012,1,10.98901081,0
2012,0,7.852564335,1
2012,1,25.38461494,0
2012,0,17.78846169,1
2012,1,21.79487228,0
2012,1,21.56781387,0
2012,0,15.38461494,1
2012,0,16.82692337,1
2012,1,12.01923084,0
2012,1,26.44230843,0
2012,0,10.57692337,1
2012,1,29.80769157,0
2012,0,3.076923132,1
2012,1,23.50427437,0
2012,1,38.46154022,0
2012,0,20.67307663,1
2012,1,19.23077011,0
2012,0,14.42307663,1
2012,1,41.34615326,0
2012,1,13.46153831,0
2012,0,10,1
2012,1,17.30769157,0
2012,0,16.82692337,1
2012,0,16.82692337,1
2012,0,20.67307663,1
2012,1,12.74038506,0
2012,0,23.07692337,1
2012,1,44.71154022,0
2012,0,12.5,1
2012,1,26.92307663,0
2012,1,30.28846169,0
2012,0,15.38461494,1
2012,1,24.03846169,0
2012,0,10.76923084,1
2012,1,12.01923084,0
2012,1,49.145298,0
2012,0,19.23077011,1
2012,1,26.44230843,0
2012,1,23.50961494,0
2012,1,23.07692337,0
2012,0,12.01923084,1
2012,1,37.5,0
2012,1,25.48077011,0
2012,1,17.30769157,0
2012,1,8.653845787,0
2012,1,24.03846169,0
2012,1,20.67307663,0
2012,1,26.44230843,0
2012,0,22.11538506,1
2012,1,12.65182209,0
2012,0,21.35416603,1
2012,1,14.42307663,0
2012,1,52,0
2012,0,22.43589783,1
2012,1,38.46154022,0
2012,1,28.84615326,0
2012,0,24.03846169,1
2012,1,19.23077011,0
2012,1,27.40384674,0
2012,1,37.38479996,0
2012,0,28.84615326,1
2012,0,10.01602554,1
2012,0,12.01923084,1
2012,0,25,1
2012,1,18.26922989,0
2012,1,17.30769157,0
2012,0,13.24519253,1
2012,1,11.26373672,0
2012,1,18.07692337,0
2012,1,19.23077011,0
2012,0,26.70940208,1
2012,0,23.07692337,1
2012,1,7.451922894,0
2012,1,5.769230843,0
2012,1,23.07692337,0
2012,1,40.86538315,0
2012,1,12.30769253,0
2012,1,26.44230843,0
2012,0,38.94326782,1
2012,1,14.42307663,0
2012,0,36.53845978,1
2012,1,14.9572649,0
2012,0,11.05769253,1
2012,1,30.44871712,0
2012,0,21.97802162,1
2012,0,14.42307663,1
2012,1,43.26922989,0
2012,1,58.17307663,0
2012,0,13.68343163,1
2012,1,10.57692337,0
2012,1,13.46153831,0
2012,0,20.19230843,1
2012,0,17.30769157,1
2012,1,12.4651165,0
2012,1,12.01923084,0
2012,0,7.142857075,1
2012,1,23.50427437,0
2012,0,15.38461494,1
2012,0,19.23077011,1
2012,1,17.30769157,0
2012,0,19.23077011,1
2012,0,14.90384579,1
2012,1,17.30865479,0
2012,0,24.75961494,1
2012,0,16.82692337,1
2012,0,21.63461494,1
2012,0,13.79807663,1
2012,1,26.44230843,0
2012,0,12.01923084,1
2012,0,17.78846169,1
2012,0,14.42403889,1
2012,0,13.46153831,1
2012,1,21.63461494,0
2012,0,25.64102554,1
2012,1,13.94230747,0
2012,1,14.42307663,0
2012,1,23.50427437,0
2012,0,22.18934822,1
2012,1,33.33333206,0
2012,1,23.50427437,0
2012,0,25.64102554,1
2012,0,19.76495743,1
2012,0,44.87179565,1
2012,1,30.76922989,0
2012,1,47.11538315,0
2012,0,19.23077011,1
2012,1,31.25,0
2012,1,17.78846169,0
2012,0,13.94230747,1
2012,0,40.86538315,1
2012,1,21.2509613,0
2012,1,26.44326973,0
2012,1,20.19230843,0
2012,0,24.03846169,1
2012,1,17.78846169,0
2012,1,21.49038506,0
2012,0,23.07692337,1
2012,1,21.63461494,0
2012,0,19.23173141,1
2012,1,4.206730843,0
2012,0,26.70940208,1
2012,1,18.26922989,0
2012,1,24.03846169,0
2012,1,24.03846169,0
2012,1,73.07691956,0
2012,0,44.57143021,1
2012,1,21.63461494,0
2012,1,14.42307663,0
2012,0,16,1
2012,0,19.23077011,1
2012,1,11.46449661,0
2012,0,15.38461494,1
2012,0,38.46154022,1
2012,0,17.09487152,1
2012,0,12.01923084,1
2012,1,34.61538315,0
2012,1,62.5,0
2012,1,33.65384674,0
2012,0,19.23077011,1
2012,1,5.128205299,0
2012,0,11.60721111,1
2012,0,16.48351669,1
2012,0,35.09615326,1
2012,0,14.42403889,1
2012,1,41.95804214,0
2012,0,25.96153831,1
2012,0,24.03846169,1
2012,0,13.46153831,1
2012,1,14.18269253,0
2012,0,9.935897827,1
2012,1,28.07692337,0
2012,1,33.65384674,0
2012,0,13.94230747,1
2012,1,23.55769157,0
2012,0,16.48351669,1
2012,1,26.92307663,0
2012,0,12.01923084,1
2012,0,14.42307663,1
2012,0,14.42307663,1
2012,0,15.38461494,1
2012,0,14.42307663,1
2012,1,36.6300354,0
2012,1,11.44688606,0
2012,1,12.23776245,0
2012,0,15.38461494,1
2012,1,24.03942299,0
2012,1,16.82692337,0
2012,0,12.08791256,1
2012,0,20.67307663,1
2012,0,34.61538315,1
2012,1,42.30769348,0
2012,0,21.63461494,1
2012,0,22.65625,1
2012,0,16.82692337,1
2012,1,19.23077011,0
2012,0,2.163461447,1
2012,0,34.13461685,1
2012,1,26.44230843,0
2012,1,7.211538315,0
2012,1,13.77338886,0
2012,0,14.42307663,1
2012,1,64.90384674,0
2012,0,29.4871788,1
2012,0,37.69230652,1
2012,0,31.73077011,1
2012,1,17.94871712,0
2012,1,43.70629501,0
2012,0,12.69230747,1
2012,1,17.30769157,0
2012,0,19.23077011,1
2012,0,18.26922989,1
2012,0,19.78022003,1
2012,1,11.53942299,0
2012,0,17.30769157,1
2012,1,23.84615326,0
2012,0,21.53269196,1
2012,1,38.46154022,0
2012,0,21.97802162,1
2012,1,10.10101032,0
2012,1,22.43589783,0
2012,0,24.572649,1
2012,0,7.692307472,1
2012,1,18.37606812,0
2012,0,19.23077011,1
2012,1,24.03846169,0
2012,0,24.03846169,1
2012,0,12.94378662,1
2012,1,36.05769348,0
2012,0,24.03846169,1
2012,0,21.63461494,1
2012,0,17.9052887,1
2012,1,16.34615326,0
2012,1,23.55769157,0
2012,1,21.63461494,0
2012,1,24.03846169,0
2012,1,48.07692337,0
2012,0,8.653845787,1
2012,1,43.26922989,0
2012,0,37.5,1
2012,1,28.84615326,0
2012,1,12.01923084,0
2012,1,24.76190567,0
2012,1,12.98076916,0
2012,0,19.23077011,1
2012,0,24.03942299,1
2012,0,30.76922989,1
2012,1,37.98077011,0
2012,1,12.10000038,0
2012,0,24.03846169,1
2012,1,28.07730675,0
2012,0,20.29914474,1
2012,0,17.78846169,1
2012,1,22.59615326,0
2012,0,19.23077011,1
2012,1,38.46154022,0
2012,1,19.23077011,0
2012,0,11.05769253,1
2012,1,10.57692337,0
2012,1,16.82692337,0
2012,0,19.23077011,1
2012,1,10.57692337,0
2012,1,14.42307663,0
2012,1,21.63557625,0
2012,1,52.88461685,0
2012,1,20.94017029,0
2012,1,28.84615326,0
2012,0,12.98076916,1
2012,1,34.61538315,0
2012,0,22.64957237,1
2012,1,26.44230843,0
2012,0,26.44230843,1
2012,0,72.11538696,1
2012,0,19.23077011,1
2012,0,17.30769157,1
2012,1,15.38461494,0
2012,1,9.230769157,0
2012,1,36.92307663,0
2012,0,28.84711456,1
2012,0,21.36752129,1
2012,1,26.44230843,0
2012,0,14.42307663,1
2012,0,14.42307663,1
2012,1,22.25274658,0
2012,1,9.615385056,0
2012,0,7.692307472,1
2012,1,27.69230843,0
2012,0,36.05769348,1
2012,1,29.9145298,0
2012,0,27.77777863,1
2012,1,20.67307663,0
2012,0,14.61538506,1
2012,1,32.05128098,0
2012,0,42.73504257,1
2012,0,15.86538506,1
2012,1,28.84615326,0
2012,0,10.09615421,1
2012,0,16.82692337,1
2012,0,27.88461494,1
2012,1,45.94017029,0
2012,0,22.11538506,1
2012,1,19.23077011,0
2012,0,18.75,1
2012,1,48.07692337,0
2012,1,15.81730747,0
2012,1,21.36752129,0
2012,0,54.32692337,1
2012,0,11.53846169,1
2012,1,31.25,0
2012,1,31.62435913,0
2012,1,17.09401703,0
2012,0,20,1
2012,1,23.63636398,0
2012,0,20.19230843,1
2012,0,16.78321648,1
2012,0,16.82692337,1
2012,1,22.59615326,0
2012,1,30.24038506,0
2012,0,56.25,1
2012,0,25,1
2012,0,10.57692337,1
2012,1,33.21678162,0
2012,0,40.59828949,1
2012,0,2.991452932,1
2012,0,31.73077011,1
2012,0,21.63461494,1
2012,0,12.74038506,1
2012,0,36.85897446,1
2012,1,30.67307663,0
2012,0,24.03846169,1
2012,0,14.42307663,1
2012,1,14.42307663,0
2012,0,17.30769157,1
2012,0,33.65384674,1
2012,0,16.82692337,1
2012,0,17.30769157,1
2012,0,34.61538315,1
2012,1,16.66666603,0
2012,0,12.69230747,1
2012,1,18.22916603,0
2012,0,24.03846169,1
2012,0,12.42603588,1
2012,0,24.03846169,1
2012,0,26.44230843,1
2012,1,22.02797127,0
2012,1,41.0256424,0
2012,0,2.991452932,1
2012,0,24.03846169,1
2012,1,21.63461494,0
2012,0,24.03846169,1
2012,0,8.653845787,1
2012,1,17.7514801,0
2012,1,19.71153831,0
2012,1,28.84615326,0
2012,1,14.42307663,0
2012,1,41.70672989,0
2012,0,21.63461494,1
2012,1,17.78846169,0
2012,0,13.60576916,1
2012,0,21.63461494,1
2012,1,23.65384674,0
2012,0,13.79807663,1
2012,0,20.81730843,1
2012,1,34.61538315,0
2012,1,27.77777863,0
2012,1,24.03942299,0
2012,0,19.23077011,1
2012,0,9.807692528,1
2012,1,36.05769348,0
2012,1,72.11538696,0
2012,0,11.53846169,1
2012,1,69.71154022,0
2012,0,27.40384674,1
2012,0,24.03846169,1
2012,1,14.90384579,0
2012,1,22.59615326,0
2012,0,32.05128098,1
2012,1,12.01923084,0
2012,0,42.73504257,1
2012,0,21.63461494,1
2012,1,14.5348835,0
2012,1,32.69230652,0
2012,0,19.6078434,1
2012,1,65.38461304,0
2012,1,31.25,0
2012,0,19.23077011,1
2012,1,19.23077011,0
2012,1,25,0
2012,0,72.11538696,1
2012,1,22.11538506,0
2012,1,34.96503448,0
2012,0,17.94871712,1
2012,1,9.134614944,0
2012,0,14.90384579,1
2012,1,27.40384674,0
2012,0,25.96153831,1
2012,1,19.23077011,0
2012,0,15.38538456,1
2012,0,6.286982059,1
2012,0,10.09615421,1
2012,0,22.43589783,1
2012,0,22.72727203,1
2012,1,17.78846169,0
2012,1,19.23077011,0
2012,1,10.57692337,0
2012,1,21.63461494,0
2012,0,20.67307663,1
2012,1,19.23077011,0
2012,1,36.53845978,0
2012,0,2.403846264,1
2012,0,15.38461494,1
2012,0,20,1
2012,0,28.63247871,1
2012,1,21.63461494,0
2012,1,16.02564049,0
2012,1,20.0854702,0
2012,0,8.875740051,1
2012,0,14.79289913,1
2012,0,16.64201164,1
2012,0,28.29059792,1
2012,0,22.97008514,1
2012,0,33.28402328,1
2012,0,21.05769157,1
2012,1,28.125,0
2012,1,33.65384674,0
2012,1,10.57692337,0
2012,1,16.82692337,0
2012,0,14.18269253,1
2012,0,12.01923084,1
2012,1,17.30769157,0
2012,1,10.44871807,0
2012,1,13.72549057,0
2012,1,31.25,0
2012,0,16.82692337,1
2012,1,25.64102554,0
2012,1,12.82051277,0
2012,1,19.23077011,0
2012,0,19.2316246,1
2012,1,36.05769348,0
2012,0,22.59615326,1
2012,0,28.84615326,1
2012,0,22.59615326,1
2012,0,24.22008514,1
2012,1,9,0
2012,0,12.98076916,1
2012,1,44.23077011,0
2012,1,5.769230843,0
2012,1,9.615385056,0
2012,0,7.5,1
2012,1,25,0
2012,1,23.07692337,0
2012,0,10.09615421,1
2012,0,15.86538506,1
2012,0,32.96703339,1
2012,1,29.80769157,0
2012,1,25.64102554,0
2012,1,64.90384674,0
2012,1,18.22916603,0
2012,0,17.73504257,1
2012,0,6.546644688,1
2012,1,17.30769157,0
2012,0,15.5,1
2012,1,19.23077011,0
2012,0,17.30769157,1
2012,0,29.9145298,1
2012,1,38.46154022,0
2012,1,28.84615326,0
2012,0,22.59615326,1
2012,0,24.03846169,1
2012,0,15.86538506,1
2012,1,12.01923084,0
2012,1,14.70588207,0
2012,0,20.19230843,1
2012,1,13.73626328,0
2012,1,13.46153831,0
2012,0,9.615385056,1
2012,0,12.98076916,1
2012,1,28.84615326,0
2012,1,28.84615326,0
2012,1,26.44230843,0
2012,0,14.90384579,1
2012,1,23.73042297,0
2012,1,17.78942299,0
2012,1,20.2429142,0
2012,1,16.82692337,0
2012,1,14.90384579,0
2012,1,13.99038506,0
2012,1,15.38461494,0
2012,1,24.03846169,0
2012,1,25,0
2012,0,13.22115421,1
2012,0,12.01923084,1
2012,1,22.11538506,0
2012,0,52.5,1
2012,1,23.07692337,0
2012,0,12.01923084,1
2012,1,19.23077011,0
2012,0,20.40865326,1
2012,0,23.07692337,1
2012,1,22.72727203,0
2012,0,24.03846169,1
2012,1,34.77904892,0
2012,0,15.38461494,1
2012,1,11.53846169,0
2012,1,33.65384674,0
2012,1,22.11538506,0
2012,0,28.84615326,1
2012,0,13.07692337,1
2012,1,17.30769157,0
2012,0,19.23077011,1
2012,0,13.46153831,1
2012,1,25,0
2012,0,14.76648331,1
2012,1,22.59615326,0
2012,0,19.23077011,1
2012,1,25.91973305,0
2012,0,23.07692337,1
2012,1,24.03846169,0
2012,0,18.02884674,1
2012,1,12.01923084,0
2012,1,19.23077011,0
2012,0,18.26922989,1
2012,1,8.413461685,0
2012,0,38.46154022,1
2012,1,39.2857132,0
2012,1,16.65384674,0
2012,0,14.42403889,1
2012,1,24.03846169,0
2012,0,16.10577011,1
2012,1,43.27019119,0
2012,1,31.25,0
2012,0,21.63461494,1
2012,1,21.63461494,0
2012,0,48.07692337,1
2012,1,14.42307663,0
2012,1,21.15384674,0
2012,0,27.77777863,1
2012,1,14.32692337,0
2012,1,5.547337055,0
2012,0,6.593406677,1
2012,0,13.46153831,1
2012,0,36.53845978,1
2012,1,27.77777863,0
2012,0,26.44230843,1
2012,0,11.39423084,1
2012,0,18.26922989,1
2012,0,16.82692337,1
2012,1,10.0009613,0
2012,1,13.24786282,0
2012,1,50,0
2012,0,13.24786282,1
2012,1,20.60439491,0
2012,1,15.38461494,0
2012,0,22.11538506,1
2012,1,26.83363152,0
2012,0,28.36538506,1
2012,1,20.19230843,0
2012,0,16.82692337,1
2012,1,21.53846169,0
2012,1,18.26922989,0
2012,0,18.26922989,1
2012,0,18.17307663,1
2012,1,18.26922989,0
2012,1,14.52991486,0
2012,1,24.03846169,0
2012,1,33.65384674,0
2012,0,20.67307663,1
2012,1,34.18803406,0
2012,1,34.61538315,0
2012,0,39.42307663,1
2012,0,5.769230843,1
2012,0,22.83653831,1
2012,1,31.2509613,0
2012,1,49.51922989,0
2012,0,16.82692337,1
2012,1,17.30769157,0
2012,1,25.38461494,0
2012,0,19.71153831,1
2012,0,32.05128098,1
2012,0,13.46153831,1
2012,0,13.88888931,1
2012,0,17.18494225,1
2012,0,22.59615326,1
2012,0,28.36538506,1
2012,0,16.82692337,1
2012,0,20.52884674,1
2012,1,27.56410217,0
2012,1,44.71154022,0
2012,1,2.884615421,0
2012,0,16.82692337,1
2012,1,23.50427437,0
2012,1,28.84615326,0
2012,0,46.15384674,1
2012,1,24.51922989,0
2012,1,40.86538315,0
2012,0,28.84615326,1
2012,0,14.9572649,1
2012,1,22.22222137,0
2012,1,24.03846169,0
2012,0,18.75,1
2012,0,10.76923084,1
2012,1,28.84615326,0
2012,0,27.77777863,1
2012,1,34.18803406,0
2012,0,22.11538506,1
2012,1,17.09401703,0
2012,1,50.12740326,0
2012,0,20,1
2012,1,48.07692337,0
2012,1,19.61538506,0
2012,0,18.17307663,1
2012,0,36.92307663,1
2012,0,38.46154022,1
2012,1,24.03846169,0
2012,0,18.26922989,1
2012,1,24.03846169,0
2012,1,15.38461494,0
2012,0,30.76922989,1
2012,1,13.5,0
2012,1,13.46153831,0
2012,0,16.15384674,1
2012,1,21.63461494,0
2012,0,2.403846264,1
2012,0,18.19126892,1
2012,1,14.42307663,0
2012,1,25.64102554,0
2012,0,28.84615326,1
2012,1,17.30769157,0
2012,1,19.23077011,0
2012,1,34.96503448,0
2012,1,26.92307663,0
2012,1,10.29411793,0
2012,0,14.42307663,1
2012,1,14.90384579,0
2012,0,24.03846169,1
2012,1,19.23077011,0
2012,1,28.84615326,0
2012,1,19.6581192,0
2012,1,12.82051277,0
2012,1,16.82692337,0
2012,0,19.23077011,1
2012,0,10.68376064,1
2012,0,15.38461494,1
2012,1,22.43589783,0
2012,1,40.86538315,0
2012,0,40.86538315,1
2012,1,21.15384674,0
2012,0,11.53846169,1
2012,1,12.01923084,0
2012,0,12.22519875,1
2012,0,10.56290054,1
2012,1,26.44230843,0
2012,1,20.19230843,0
2012,0,14.42307663,1
2012,0,16.82692337,1
2012,1,37.5,0
2012,1,10.57788467,0
2012,0,21.15384674,1
2012,1,28.84615326,0
2012,1,12.01923084,0
2012,0,18.75,1
2012,0,28.84615326,1
2012,0,12.01923084,1
2012,1,17.62820435,0
2012,1,47.11538315,0
2012,0,9.615385056,1
2012,1,38.46154022,0
2012,0,15.73426533,1
2012,0,14.42307663,1
2012,1,36.05769348,0
2012,0,29.62578011,1
2012,0,37.01922989,1
2012,0,18.26922989,1
2012,0,18.26922989,1
2012,0,19.23077011,1
2012,1,31.46853065,0
2012,1,24.03846169,0
2012,0,28.84615326,1
2012,1,34.61538315,0
2012,1,26.44230843,0
2012,0,21.63461494,1
2012,1,25,0
2012,1,20.83333397,0
2012,1,43.26922989,0
2012,1,17.5,0
2012,0,36.05769348,1
2012,1,21.63461494,0
2012,0,24.03846169,1
2012,1,24.03846169,0
2012,1,19.23077011,0
2012,1,26.44230843,0
2012,0,17.30769157,1
2012,1,11.53846169,0
2012,1,23.07692337,0
2012,1,13.73626328,0
2012,0,28.125,1
2012,1,17.12132835,0
2012,1,18.26922989,0
2012,0,25.48077011,1
2012,0,32.21154022,1
2012,1,19.23077011,0
2012,1,17.48251724,0
2012,1,31.59340668,0
2012,0,19.23077011,1
2012,0,26.44230843,1
2012,1,9.890110016,0
2012,1,36.8115387,0
2012,0,16.82692337,1
2012,1,20.19230843,0
2012,1,23.07692337,0
2012,0,26.70940208,1
2012,1,32.69230652,0
2012,0,9.615385056,1
2012,0,14.23076916,1
2012,1,12.23776245,0
2012,1,14.83516502,0
2012,1,43.26922989,0
2012,1,15.38461494,0
2012,1,18.99038506,0
2012,1,8.653845787,0
2012,1,10.93128204,0
2012,1,6.285714149,0
2012,1,12.08749962,0
2012,0,17.30769157,1
2012,1,28.84615326,0
2012,0,31.04395676,1
2012,0,23.64864922,1
2012,0,32,1
2012,0,24.03846169,1
2012,0,38.46154022,1
2012,0,13.94230747,1
2012,1,19.23077011,0
2012,0,30.76922989,1
2012,0,10.57692337,1
2012,1,31.25,0
2012,0,7.692307472,1
2012,0,24.03846169,1
2012,1,12.30769253,0
2012,1,29.08653831,0
2012,1,9.615385056,0
2012,0,44.44444275,1
2012,1,21.63461494,0
2012,1,29.18990326,0
2012,1,12.82051277,0
2012,1,9.615385056,0
2012,0,6.971153736,1
2012,1,26.44230843,0
2012,1,14.42307663,0
2012,1,19.23077011,0
2012,0,24.03846169,1
2012,0,16.34615326,1
2012,1,26.92307663,0
2012,1,72.11538696,0
2012,0,10.16538429,1
2012,0,9.615385056,1
2012,1,16.48351669,0
2012,0,15.30612278,1
2012,0,27.34692383,1
2012,0,19.23077011,1
2012,1,18.55769157,0
2012,1,25,0
2012,0,18.07692337,1
2012,1,17.48321724,0
2012,0,8.013461113,1
2012,0,16.15384674,1
2012,0,25.96153831,1
2012,1,15.12637329,0
2012,0,21.63461494,1
2012,0,25.48077011,1
2012,1,14.42307663,0
2012,0,21.15384674,1
2012,0,18.26922989,1
2012,1,36.05769348,0
2012,1,40,0
2012,0,24.03846169,1
2012,1,19.23077011,0
2012,0,27.2435894,1
2012,0,21.63461494,1
2012,0,28.84615326,1
2012,0,12.01923084,1
2012,1,33.65384674,0
2012,1,20.67307663,0
2012,0,31.25,1
2012,0,33.65384674,1
2012,0,8.505917549,1
2012,1,40.86538315,0
2012,0,10.89743614,1
2012,0,20.68285751,1
2012,1,24.26739883,0
2012,1,28.35913467,0
2012,1,17.78846169,0
2012,0,17.30769157,1
2012,0,44.33760834,1
2012,1,17.30769157,0
2012,0,12.01923084,1
2012,0,21.875,1
2012,0,46.15384674,1
2012,1,26.55677605,0
2012,1,8.653845787,0
2012,0,18.07692337,1
2012,1,26.15384674,0
2012,0,15.38461494,1
2012,0,16.66666603,1
2012,1,21.63461494,0
2012,1,9.615385056,0
2012,0,19.93007088,1
2012,1,31.42589188,0
2012,0,15.86538506,1
2012,0,14.42307663,1
2012,0,16.34615326,1
2012,1,21.97802162,0
2012,1,50.12740326,0
2012,0,35.09615326,1
2012,0,18.01377487,1
2012,0,27.40384674,1
2012,1,30.28846169,0
2012,1,14.79289913,0
2012,0,27.77777863,1
2012,1,33.5,0
2012,1,12.5,0
2012,0,29.15451813,1
2012,1,20.40816307,0
2012,0,10.48076916,1
2012,1,13.46153831,0
2012,1,17.30769157,0
2012,0,36.32478714,1
2012,1,21.35416603,0
2012,0,20.38461494,1
2012,0,16.43356705,1
2012,1,55.38461685,0
2012,1,38.46154022,0
2012,0,9.245562553,1
2012,0,25.69273567,1
2012,0,11.53846169,1
2012,1,13.94230747,0
2012,1,33.13609314,0
2012,1,16.82692337,0
2012,1,56.08974457,0
2012,1,21.92307663,0
2012,1,40.38461685,0
2012,0,32.89473724,1
2012,0,17.86538506,1
2012,1,32.47863388,0
2012,0,11.53846169,1
2012,0,11.53846169,1
2012,1,12.39316273,0
2012,1,14.42307663,0
2012,0,32.69230652,1
2012,1,43.75,0
2012,1,54.16666794,0
2012,1,22.43589783,0
2012,1,57.69230652,0
2012,0,17.78846169,1
2012,0,9.855769157,1
2012,1,14.42307663,0
2012,0,27.40384674,1
2012,1,45.19230652,0
2012,1,28.84615326,0
2012,1,12.01923084,0
2012,0,24.03846169,1
2012,1,6.971153736,0
2012,0,25.96153831,1
2012,1,20.12522316,0
2012,0,24.03846169,1
2012,1,5.769230843,0
2012,1,36.05769348,0
2012,0,11.53846169,1
2012,1,46.15384674,0
2012,0,14.42307663,1
2012,0,20.67307663,1
2012,0,33.65384674,1
2012,1,16.34615326,0
2012,0,11.05769253,1
2012,0,20.71006012,1
2012,0,25,1
2012,1,17.78846169,0
2012,1,14.42307663,0
2012,0,25,1
2012,1,31.25,0
2012,1,15.38461494,0
2012,0,18.49112511,1
2012,1,24.03846169,0
2012,0,15.38461494,1
2012,0,31.25,1
2012,0,29.58579826,1
2012,0,15.27864552,1
2012,0,8.17307663,1
2012,0,23.07692337,1
2012,1,29.23077011,0
2012,0,22.22222137,1
2012,0,18.17307663,1
2012,0,13.70192337,1
2012,0,13.94230747,1
2012,1,24.03846169,0
2012,0,14.13461494,1
2012,0,4.273504257,1
2012,1,19.71153831,0
2012,1,34.13461685,0
2012,0,14.28571415,1
2012,1,22.22222137,0
2012,0,14.42307663,1
2012,1,30.76922989,0
2012,1,28.07692337,0
2012,0,48.07692337,1
2012,0,15.86538506,1
2012,0,12.11538506,1
2012,1,12.23776245,0
2012,0,48.07692337,1
2012,1,10.0009613,0
2012,0,17.30769157,1
2012,1,52.88461685,0
2012,0,17.30769157,1
2012,0,14.42307663,1
2012,1,15.3855772,0
2012,0,16.82692337,1
2012,0,3.943269253,1
2012,0,44.44444275,1
2012,0,17.09487152,1
2012,0,40.86538315,1
2012,0,25,1
2012,1,16.48351669,0
2012,1,33.65384674,0
2012,1,16.34615326,0
2012,1,15.38461494,0
2012,1,27.47252655,0
2012,0,32.69230652,1
2012,0,33.65384674,1
2012,1,9.615385056,0
2012,0,14.42307663,1
2012,0,17.58241844,1
2012,1,17.11538506,0
2012,1,8.333333015,0
2012,1,24.03846169,0
2012,0,37.5,1
2012,1,31.73077011,0
2012,1,19.23077011,0
2012,0,23.07692337,1
2012,0,33.65384674,1
2012,1,28.5714283,0
2012,0,5.341880322,1
2012,0,32.05128098,1
2012,0,30.10988998,1
2012,0,18.17307663,1
2012,1,28.64583397,0
2012,1,31.25,0
2012,1,16.82692337,0
2012,1,18.26922989,0
2012,1,43.5729866,0
2012,1,13.44999981,0
2012,1,34.85577011,0
2012,1,21.875,0
2012,0,19.23077011,1
2012,0,18.26922989,1
2012,1,18.75,0
2012,0,10.57692337,1
2012,0,8.653845787,1
2012,1,21.36752129,0
2012,0,31.25,1
2012,1,33.65384674,0
2012,0,25.64102554,1
2012,0,41.20878983,1
2012,1,60.76922989,0
2012,1,16.82692337,0
2012,1,17.30769157,0
2012,1,17.30769157,0
2012,0,11.53846169,1
2012,0,14.68531513,1
2012,1,11.53846169,0
2012,0,26.22377586,1
2012,1,38.46154022,0
2012,0,38.46154022,1
2012,1,33.65384674,0
2012,1,24.03846169,0
2012,0,8.17307663,1
2012,0,14.42307663,1
2012,1,12.5,0
2012,1,42.30769348,0
2012,0,14.42307663,1
2012,1,34.18803406,0
2012,1,36.05769348,0
2012,0,14.42307663,1
2012,1,21.63461494,0
2012,1,10.39500999,0
2012,1,21.63461494,0
2012,1,21.53846169,0
2012,1,26.92307663,0
2012,1,21.63461494,0
2012,0,23.07692337,1
2012,0,12.01923084,1
2012,0,10.43956089,1
2012,1,19.23077011,0
2012,0,11.53846169,1
2012,1,38.46154022,0
2012,0,36.98225021,1
2012,1,12.36923122,0
2012,1,38.46154022,0
2012,0,20.67307663,1
2012,0,24.51922989,1
2012,0,16.83673477,1
2012,0,10,1
2012,1,21.63461494,0
2012,0,23.07692337,1
2012,0,11.05769253,1
2012,1,39.4736824,0
2012,1,15.16272163,0
2012,1,8.653845787,0
2012,0,28.84615326,1
2012,0,38.46154022,1
2012,1,24.03846169,0
2012,1,28.84615326,0
2012,1,48.07692337,0
2012,1,14.42307663,0
2012,1,14.42307663,0
2012,0,34.72222137,1
2012,1,21.97802162,0
2012,0,24.03846169,1
2012,1,50,0
2012,1,26.44230843,0
2012,1,26.44230843,0
2012,0,29.62578011,1
2012,0,25,1
2012,1,44.23077011,0
2012,0,27.77777863,1
2012,0,12.98076916,1
2012,0,28.84615326,1
2012,0,14.42307663,1
2012,1,3.365384579,0
2012,1,17.875,0
2012,1,52,0
2012,1,19.23077011,0
2012,1,8.333333015,0
2012,1,37.5,0
2012,0,12.5,1
2012,0,12.98076916,1
2012,0,28.84615326,1
2012,1,51.44230652,0
2012,1,9.890110016,0
2012,1,55.28845978,0
2012,1,21.63461494,0
2012,1,27.40384674,0
2012,0,36.05769348,1
2012,1,17.78846169,0
2012,0,31.25,1
2012,0,36.05769348,1
2012,0,41.13247681,1
2012,0,43.26922989,1
2012,1,30.28846169,0
2012,0,19.23077011,1
2012,0,38.46154022,1
2012,0,24.03846169,1
2012,1,24.03846169,0
2012,1,18.75,0
2012,0,23.07692337,1
2012,1,38.46154022,0
2012,0,14.42307663,1
2012,0,8.854166985,1
2012,0,8.012820244,1
2012,0,43.26922989,1
2012,0,20.19230843,1
2012,0,31.73173141,1
2012,1,48.07692337,0
2012,0,11.05769253,1
2012,0,26.44230843,1
2012,0,12.5,1
2012,1,21.63461494,0
2012,1,33.33333206,0
2012,0,57.69230652,1
2012,1,18.26922989,0
2012,0,11.25,1
2012,1,28.84615326,0
2012,0,28.84615326,1
2012,1,13.46153831,0
2012,1,23.07692337,0
2012,1,22.64957237,0
2012,1,26.62721825,0
2012,0,36.53845978,1
2012,1,21.92307663,0
2012,1,41.66666794,0
2012,1,15.73426533,0
2012,1,54.54545593,0
2012,0,27.77777863,1
2012,0,24.03846169,1
2012,1,37.5,0
2012,1,25.09615326,0
2012,1,47.00854874,0
2012,0,16,1
2012,0,16.70040512,1
2012,0,53.84615326,1
2012,0,28.84615326,1
2012,0,28.84615326,1
2012,0,15.38461494,1
2012,1,25.96153831,0
2012,0,26.92307663,1
2012,0,17.30769157,1
2012,1,23.84653854,0
2012,0,8.17307663,1
2012,1,31.25,0
2012,1,41.34615326,0
2012,0,19.23077011,1
2012,0,2.395833254,1
2012,1,21.63461494,0
2012,0,12.01923084,1
2012,0,17.30769157,1
2012,0,25,1
2012,1,17.57740402,0
2012,0,6.730769157,1
2012,1,43.26922989,0
2012,0,24.03846169,1
2012,0,22.59615326,1
2012,1,15.86538506,0
2012,1,21.63461494,0
2012,0,19.23077011,1
2012,1,27.97202873,0
2012,0,24.03846169,1
2012,1,19.23077011,0
2012,1,9.615385056,0
2012,1,20.19230843,0
2012,0,20.19230843,1
2012,0,26,1
2012,0,32,1
2012,1,18.26922989,0
2012,0,14.42307663,1
2012,0,17.78846169,1
2012,0,13.67521381,1
2012,1,26.44230843,0
2012,0,12.98076916,1
2012,0,14.66346169,1
2012,1,14.42307663,0
2012,0,24.03846169,1
2012,1,25.98752594,0
2012,0,12.01923084,1
2012,1,34.13461685,0
2012,0,48.07692337,1
2012,1,55.28845978,0
2012,1,13.73626328,0
2012,0,30.28846169,1
2012,0,21.63461494,1
2012,1,48.07692337,0
2012,1,22.11538506,0
2012,0,19.39560509,1
2012,0,19.23077011,1
2012,0,33.65384674,1
2012,0,48.07692337,1
2012,0,72.11538696,1
2012,0,19.23077011,1
2012,1,31.25,0
2012,0,35.61253738,1
2012,1,18.75,0
2012,0,16.53846169,1
2012,1,7.28744936,0
2012,1,24.03846169,0
2012,1,30.76922989,0
2012,0,12.74038506,1
2012,0,31.25,1
2012,1,38.46154022,0
2012,1,20.19230843,0
2012,0,14.42307663,1
2012,0,21.63461494,1
2012,1,8.333333015,0
2012,1,40.86538315,0
2012,1,38.46154022,0
2012,0,21.15384674,1
2012,0,15.86538506,1
2012,1,23.07692337,0
2012,1,21.63461494,0
2012,0,16.48351669,1
2012,0,24.03846169,1
2012,1,30.76922989,0
2012,0,14.42307663,1
2012,1,33.65384674,0
2012,1,38.46154022,0
2012,0,16.34615326,1
2012,1,11.05769253,0
2012,0,24.03846169,1
2012,0,36.53845978,1
2012,1,21.63461494,0
2012,1,46.63461685,0
2012,1,24.51922989,0
2012,1,6.730769157,0
2012,1,38.46154022,0
2012,1,17.12962914,0
2012,0,16.34615326,1
2012,0,22.11538506,1
2012,1,19.23077011,0
2012,0,14.61538506,1
2012,0,31.25,1
2012,0,11.05769253,1
2012,1,28.84615326,0
2012,0,25.64102554,1
2012,1,35.57692337,0
2012,1,38.46154022,0
2012,0,53.84615326,1
2012,1,47.11538315,0
2012,1,28.84615326,0
2012,0,41.39941788,1
2012,0,26.44230843,1
2012,0,21.63461494,1
2012,1,10,0
2012,0,13.26923084,1
2012,0,14.42307663,1
2012,1,13.18681335,0
2012,1,16.82692337,0
2012,1,31.13553047,0
2012,0,12.82051277,1
2012,1,26.53846169,0
2012,0,51.92307663,1
2012,0,14.42307663,1
2012,1,28.84615326,0
2012,1,8.974358559,0
2012,0,45.67307663,1
2012,0,17.58241844,1
2012,1,72.11538696,0
2012,1,13.46153831,0
2012,1,36.05769348,0
2012,0,16.48351669,1
2012,0,32.21154022,1
2012,1,59.61538315,0
2012,0,20.38461494,1
2012,1,11.05769253,0
2012,0,18.26922989,1
2012,0,15.49145317,1
2012,1,13.92500019,0
2012,0,19.6078434,1
2012,0,26.44230843,1
2012,1,5,0
2012,1,17.78846169,0
2012,0,15.10683727,1
2012,1,16.82692337,0
2012,0,42.73504257,1
2012,0,19.23077011,1
2012,0,14.42307663,1
2012,1,52.88461685,0
2012,1,21.63461494,0
2012,1,51.28205109,0
2012,1,40.86538315,0
2012,1,42.73504257,0
2012,1,21.47435951,0
2012,1,7.211538315,0
2012,0,16.82692337,1
2012,0,10.99010944,1
2012,0,57.69230652,1
2012,0,57.69230652,1
2012,0,58.76068497,1
2012,1,23.84615326,0
2012,0,37.01922989,1
2012,1,43.75,0
2012,1,21.63461494,0
2012,1,21.63461494,0
2012,0,48.07692337,1
2012,1,43.26922989,0
2012,1,17.62820435,0
2012,1,67.30769348,0
2012,1,17.48321724,0
2012,1,38.46154022,0
2012,0,28.84615326,1
2012,0,24.35897446,1
2012,0,42.37980652,1
2012,1,2.136752129,0
2012,1,8.333333015,0
2012,1,44.87179565,0
2012,1,64.95726776,0
2012,0,25,1
2012,1,21.63461494,0
2012,0,19.23077011,1
2012,0,24.03846169,1
2012,1,43.26922989,0
2012,1,17.45562172,0
2012,0,20.00047684,1
2012,0,17.69230843,1
2012,1,53.84615326,0
2012,1,34.61538315,0
2012,1,48.07692337,0
2012,0,16.34615326,1
2012,0,10.57692337,1
2012,1,16.48351669,0
2012,0,44.23077011,1
2012,0,37.5,1
2012,0,9.615385056,1
2012,1,14.42307663,0
2012,0,22.5,1
2012,1,20.32966995,0
2012,0,4.475524426,1
2012,1,19.78022003,0
2012,1,17.22756386,0
2012,0,24.03846169,1
2012,1,37.69230652,0
2012,1,16.48351669,0
2012,0,19.23077011,1
2012,0,18.96442223,1
2012,1,42.30769348,0
2012,1,13.46153831,0
2012,1,5,0
2012,1,34.72222137,0
2012,0,17.78846169,1
2012,1,30.06971169,0
2012,1,31.29807663,0
2012,1,19.23077011,0
2012,0,17.78846169,1
2012,0,26.44230843,1
2012,1,25,0
2012,0,15.38461494,1
2012,1,12.74509811,0
2012,1,26.92307663,0
2012,0,24.03846169,1
2012,0,27.94117737,1
2012,1,23.14814758,0
2012,0,20.2429142,1
2012,0,39.42307663,1
2012,1,26.44230843,0
2012,0,15.38461494,1
2012,1,76.92308044,0
2012,0,10.57692337,1
2012,1,22.72727203,0
2012,0,24.03846169,1
2012,0,22.83653831,1
2012,0,8.333333015,1
2012,1,11.26651096,0
2012,0,28.84615326,1
2012,0,28.84615326,1
2012,0,22.5,1
2012,1,21.15384674,0
2012,1,10,0
2012,0,15,1
2012,1,26.44230843,0
2012,0,13.46153831,1
2012,0,33.65384674,1
2012,0,28.84615326,1
2012,1,16.82692337,0
2012,0,28.84615326,1
2012,0,32.05128098,1
2012,0,42.78845978,1
2012,0,16,1
2012,0,20.97902107,1
2012,1,12.82051277,0
2012,1,36.32478714,0
2012,1,30.36437225,0
2012,0,27.83400726,1
2012,0,11.00961494,1
2012,0,19.23077011,1
2012,1,14.42307663,0
2012,1,8.07692337,0
2012,1,34.61538315,0
2012,1,14.10256386,0
2012,1,18.46153831,0
2012,1,9.615385056,0
2012,1,51.44230652,0
2012,1,14.42307663,0
2012,1,23.07692337,0
2012,0,43.26922989,1
2012,1,48.07692337,0
2012,0,28.84615326,1
2012,0,16.82692337,1
2012,0,9.375,1
2012,0,18.75,1
2012,1,26.44230843,0
2012,1,26.92307663,0
2012,1,18.75,0
2012,0,14.42307663,1
2012,1,28.84615326,0
2012,1,24.03846169,0
2012,0,43.26922989,1
2012,0,9.230769157,1
2012,1,26.44230843,0
2012,0,41.13247681,1
2012,1,23.29545403,0
2012,1,52.88461685,0
2012,0,33.65384674,1
2012,0,26.44230843,1
2012,0,31.25,1
2012,1,14.42307663,0
2012,0,19.23077011,1
2012,1,5.769230843,0
2012,1,21.63461494,0
2012,1,39.61538315,0
2012,1,26.15384674,0
2012,0,20.43269157,1
2012,0,17.78846169,1
2012,1,16.25,0
2012,1,18.26922989,0
2012,1,16.82692337,0
2012,0,14.66346169,1
2012,1,12.01923084,0
2012,1,48.07692337,0
2012,0,9.134614944,1
2012,1,60.76922989,0
2012,0,18.50961494,1
2012,0,21.15384674,1
2012,0,18.26922989,1
2012,0,16.82692337,1
2012,0,25,1
2012,1,40.86538315,0
2012,1,15.38461494,0
2012,0,28.84615326,1
2012,1,13.73626328,0
2012,0,16.82692337,1
2012,0,22.83653831,1
2012,0,31.25,1
2012,1,33.65384674,0
2012,1,19.23077011,0
2012,1,37.41479492,0
2012,0,19.71153831,1
2012,1,21.63461494,0
2012,1,21.63461494,0
2012,0,17.30769157,1
2012,0,26.5734272,1
2012,1,46.15384674,0
2012,0,17.52136803,1
2012,1,9.615385056,0